trade_id,symbol,combo,direction,signal_bar,signal_close,atr_at_signal,entry_bar,entry_price,shares,stop_loss,risk_amount,equity_at_entry,exit_bar,exit_price,exit_reason,bars_held_at_exit,gross_pnl,commission,net_pnl,net_pnl_pct,won,period,regime_at_entry,spy_adx_at_entry,spy_trending_at_entry,bb_mid_at_entry,entry_to_mid_dist
1,AAPL,A,LONG,2024-12-03,308.4397827315801,12.708234881244925,2024-12-04,308.5940026229459,0.243,295.8858,12.5,1249.0,2024-12-05,295.7378,SL,2,-3.1245,1.0,-4.1245,-0.003302,False,all,trending,36.24,True,0.0,0.0
2,AAPL,A,LONG,2024-12-13,328.33605062757994,12.54991304835688,2024-12-16,328.5002186528937,0.2274,315.9503,12.45,1243.88,2024-12-16,315.7923,SL,1,-2.8894,1.0,-3.8894,-0.003127,False,all,trending,26.09,True,0.0,0.0
3,AAPL,A,LONG,2024-12-20,345.4145956345938,13.240600895365972,2024-12-23,345.5873029324111,0.2153,332.3467,12.4,1238.99,2024-12-25,385.1165,TP,3,8.51,1.0,7.51,0.006061,True,all,corrective,20.6,False,0.0,0.0
4,AAPL,A,LONG,2025-01-06,419.46916721482575,16.958908325347828,2025-01-07,419.6789017984331,0.1782,402.72,12.46,1245.5,2025-01-14,470.3203,TP,6,9.0247,1.0,8.0247,0.006443,True,all,corrective,14.47,False,0.0,0.0
5,AAPL,A,LONG,2025-02-06,494.24876283741054,19.45817447151013,2025-02-07,494.49588721882924,0.1521,475.0377,12.54,1252.52,2025-02-17,474.8002,SL,7,-2.9957,1.0,-3.9957,-0.00319,False,all,trending,27.84,True,0.0,0.0
6,AAPL,A,LONG,2025-02-20,512.5128983305576,18.78782017506212,2025-02-21,512.7691547797228,0.1461,493.9813,12.49,1247.52,2025-02-27,568.848,TP,5,8.1927,1.0,7.1927,0.005766,True,all,trending,25.96,True,0.0,0.0
7,AAPL,A,LONG,2025-02-28,618.0387234536661,23.413799960169847,2025-03-03,618.3477428153928,0.1217,594.9339,12.55,1253.72,2025-03-10,688.2448,TP,6,8.5099,1.0,7.5099,0.00599,True,all,trending,32.75,True,0.0,0.0
8,AAPL,A,LONG,2025-03-12,719.4941288573452,27.448114557380475,2025-03-13,719.8538759217739,0.1051,692.4058,12.61,1260.23,2025-03-13,692.0596,SL,1,-2.9218,1.0,-3.9218,-0.003112,False,all,trending,35.57,True,0.0,0.0
9,AAPL,A,LONG,2025-04-01,737.5706525269493,32.57675136213646,2025-04-02,737.9394378532127,0.1021,705.3627,12.56,1255.31,2025-04-18,705.01,SL,13,-3.3636,1.0,-4.3636,-0.003476,False,all,trending,37.29,True,0.0,0.0
10,AAPL,A,LONG,2025-06-12,786.3026623590486,30.542742828948576,2025-06-13,786.6958136902281,0.0954,756.1531,12.51,1249.94,2025-06-25,877.8849,TP,9,8.7001,1.0,7.7001,0.00616,True,all,trending,63.46,True,0.0,0.0
11,AAPL,A,LONG,2025-07-04,948.8640563225201,38.576172533369395,2025-07-07,949.3384883506814,0.0795,910.7623,12.58,1256.64,2025-07-25,1064.5345,TP,15,9.1564,1.0,8.1564,0.006491,True,all,trending,47.64,True,0.0,0.0
12,AAPL,A,LONG,2025-07-29,1127.1914847379148,43.29836669377353,2025-07-30,1127.7550804802838,0.0673,1084.4567,12.65,1263.8,2025-07-31,1083.9145,SL,2,-2.9501,1.0,-3.9501,-0.003126,False,all,corrective,21.68,False,0.0,0.0
13,AAPL,A,LONG,2025-08-06,1152.501913293949,50.70052848231064,2025-08-07,1153.0781642505958,0.0656,1102.3776,12.6,1258.85,2025-08-14,1304.5272,TP,6,9.9284,1.0,8.9284,0.007092,True,all,corrective,21.25,False,0.0,0.0
14,AAPL,A,LONG,2025-08-15,1394.0794362636966,56.994232691221214,2025-08-18,1394.7764759818283,0.0545,1337.7822,12.68,1266.78,2025-08-19,1337.1134,SL,2,-3.1448,1.0,-4.1448,-0.003272,False,all,corrective,15.54,False,0.0,0.0
15,AAPL,A,LONG,2025-09-24,1424.2615666478819,65.1057770494466,2025-09-25,1424.9736974312057,0.0532,1359.8679,12.63,1261.63,2025-09-29,1359.188,SL,3,-3.4975,1.0,-4.4975,-0.003565,False,all,trending,26.57,True,0.0,0.0
16,AAPL,A,LONG,2025-10-16,1516.1418692022905,68.83718364681278,2025-10-17,1516.8999401368917,0.0497,1448.0628,12.57,1256.13,2025-11-13,1592.0351,TIME,20,3.7361,1.0,2.7361,0.002178,True,all,trending,30.74,True,0.0,0.0
17,AAPL,A,LONG,2025-11-19,1643.5970137532477,71.7986698638996,2025-11-20,1644.4188122601242,0.0459,1572.6201,12.59,1257.87,2025-12-03,1858.8849,TP,10,9.851,1.0,8.851,0.007036,True,all,corrective,18.25,False,0.0,0.0
18,AAPL,A,LONG,2025-12-04,1993.5858275416397,79.55893924241109,2025-12-05,1994.5826204554103,0.0381,1915.0237,12.67,1265.72,2025-12-08,1914.0662,SL,2,-3.0681,1.0,-4.0681,-0.003214,False,all,corrective,24.93,False,0.0,0.0
19,AAPL,A,LONG,2025-12-09,2061.502957376139,89.79018910366659,2025-12-10,2062.5337088548267,0.0367,1972.7435,12.62,1260.65,2025-12-22,1971.7571,SL,9,-3.3317,1.0,-4.3317,-0.003436,False,all,corrective,21.95,False,0.0,0.0
20,AAPL,A,LONG,2026-02-10,1911.946422361038,84.32497129300067,2026-02-11,1912.9023955722184,0.0394,1828.5774,12.56,1255.32,2026-02-12,1827.6631,SL,2,-3.3589,1.0,-4.3589,-0.003472,False,all,trending,39.95,True,0.0,0.0
21,AAPL,A,LONG,2026-02-16,1927.6730623752642,86.96260608763328,2026-02-17,1928.6368989064517,0.0389,1841.6743,12.51,1249.96,2026-03-05,2188.43,TP,13,10.1105,1.0,9.1105,0.007289,True,all,trending,42.97,True,0.0,0.0
22,AAPL,A,LONG,2026-03-06,2332.1719002984496,92.92800714437588,2026-03-09,2333.3379862485986,0.0324,2240.41,12.59,1258.07,2026-03-19,2610.8159,TP,9,8.9837,1.0,7.9837,0.006346,True,all,trending,36.44,True,0.0,0.0
1,ADBE,A,LONG,2024-08-28,335.88853875090905,15.046694906868222,2024-08-29,336.0564830202845,0.2232,321.0098,12.5,1249.0,2024-09-02,381.006,TP,3,10.0317,1.0,9.0317,0.007231,True,all,corrective,14.57,False,0.0,0.0
2,ADBE,A,LONG,2024-10-25,411.1039125871881,16.526991023578777,2024-10-28,411.3094645434817,0.1835,394.7825,12.58,1257.03,2024-11-05,394.5851,SL,7,-3.0692,1.0,-4.0692,-0.003237,False,all,trending,27.88,True,0.0,0.0
3,ADBE,A,LONG,2024-11-11,436.12410215506696,17.409378254196408,2024-11-12,436.34216420614445,0.1723,418.9328,12.53,1251.96,2024-11-21,488.326,TP,8,8.9563,1.0,7.9563,0.006355,True,all,trending,38.32,True,0.0,0.0
4,ADBE,A,LONG,2025-02-13,404.95641531783656,17.962119995156222,2025-02-14,405.15889352549544,0.1866,387.1968,12.6,1258.92,2025-03-13,458.8157,TP,20,10.0114,1.0,9.0114,0.007158,True,all,corrective,22.24,False,0.0,0.0
5,ADBE,A,LONG,2025-03-25,514.6111032757151,21.754292320272132,2025-03-26,514.8684088273529,0.1478,493.1141,12.68,1266.93,2025-03-28,492.8676,SL,3,-3.2508,1.0,-4.2508,-0.003355,False,all,trending,32.73,True,0.0,0.0
6,ADBE,A,LONG,2025-04-21,538.727469584524,21.676866655600925,2025-04-22,538.9968333193162,0.1406,517.32,12.63,1261.68,2025-05-19,557.4594,TIME,20,2.5951,1.0,1.5951,0.001264,True,all,trending,49.4,True,0.0,0.0
7,ADBE,A,LONG,2025-05-22,610.3350031247555,25.30967404271648,2025-05-23,610.6401706263179,0.1241,585.3305,12.63,1262.27,2025-05-23,585.0378,SL,1,-3.1779,1.0,-4.1779,-0.00331,False,all,trending,39.0,True,0.0,0.0
8,ADBE,A,LONG,2025-06-03,633.3856512003476,26.62585568699294,2025-06-04,633.7023440259478,0.1191,607.0765,12.58,1257.1,2025-06-18,713.2231,TP,11,9.4724,1.0,8.4724,0.00674,True,all,trending,52.11,True,0.0,0.0
9,ADBE,A,LONG,2025-06-19,752.5756789905873,29.193460814672935,2025-06-20,752.9519668300826,0.1008,723.7585,12.66,1264.57,2025-07-02,840.1121,TP,9,8.79,1.0,7.79,0.00616,True,all,trending,69.2,True,0.0,0.0
10,ADBE,A,LONG,2025-07-03,889.809581450235,33.190426920548916,2025-07-04,890.2544862409601,0.0858,857.0641,12.72,1271.36,2025-07-17,989.3309,TP,10,8.496,1.0,7.496,0.005896,True,all,trending,51.19,True,0.0,0.0
11,ADBE,A,LONG,2025-07-21,1046.9234891835317,43.034067673003335,2025-07-22,1047.4469509281234,0.0733,1004.4129,12.79,1277.85,2025-08-07,1175.9609,TP,13,9.4144,1.0,8.4144,0.006585,True,all,trending,25.22,True,0.0,0.0
12,ADBE,A,LONG,2025-08-11,1261.8810638837936,51.50756608327322,2025-08-12,1262.5120044157354,0.0611,1211.0044,12.86,1285.27,2025-09-08,1348.9451,TIME,20,5.2836,1.0,4.2836,0.003333,True,all,corrective,18.76,False,0.0,0.0
13,ADBE,A,LONG,2025-09-15,1467.9887221460442,64.75689576131798,2025-09-16,1468.7227165071172,0.0527,1403.9658,12.9,1288.55,2025-09-16,1403.2638,SL,1,-3.4484,1.0,-4.4484,-0.003452,False,all,corrective,13.13,False,0.0,0.0
14,ADBE,A,LONG,2025-11-13,1402.058219129914,61.34266426694279,2025-11-14,1402.759248239479,0.0549,1341.4166,12.84,1283.1,2025-11-26,1340.7459,SL,9,-3.4061,1.0,-4.4061,-0.003434,False,all,corrective,21.56,False,0.0,0.0
15,ADBE,A,LONG,2025-12-25,1520.517865351694,70.51229738814145,2025-12-26,1521.2781242843696,0.0504,1450.7658,12.79,1277.7,2026-01-05,1731.9486,TP,7,10.6246,1.0,9.6246,0.007533,True,all,corrective,23.55,False,0.0,0.0
16,ADBE,A,LONG,2026-01-21,1804.0047282306605,74.4968233949529,2026-01-22,1804.9067305947758,0.0428,1730.4099,12.87,1286.32,2026-02-04,2027.383,TP,10,9.5207,1.0,8.5207,0.006624,True,all,trending,37.32,True,0.0,0.0
17,ADBE,A,LONG,2026-02-12,2116.55026285324,91.34003203058018,2026-02-13,2117.6085379846663,0.0367,2026.2685,12.95,1293.84,2026-02-17,2025.2554,SL,3,-3.3882,1.0,-4.3882,-0.003392,False,all,trending,40.46,True,0.0,0.0
18,ADBE,A,LONG,2026-03-04,2213.11753155345,88.98452509412533,2026-03-05,2214.224090319227,0.0349,2125.2396,12.89,1288.46,2026-03-05,2124.1769,SL,1,-3.1463,1.0,-4.1463,-0.003218,False,all,trending,41.21,True,0.0,0.0
1,AMD,A,LONG,2024-09-03,332.16434508600145,13.320830680638167,2024-09-04,332.33042725854443,0.2257,319.0096,12.5,1249.0,2024-09-09,372.1068,TP,4,8.9767,1.0,7.9767,0.006386,True,all,corrective,15.92,False,0.0,0.0
2,AMD,A,LONG,2024-09-10,409.9454211986059,16.246498374162307,2024-09-11,410.1503939092052,0.1839,393.9039,12.57,1255.98,2024-09-13,458.6604,TP,3,8.92,1.0,7.92,0.006306,True,all,corrective,21.79,False,0.0,0.0
3,AMD,A,LONG,2024-09-16,479.9201230467936,18.23468933325465,2024-09-17,480.160083108317,0.1579,461.9254,12.64,1262.9,2024-09-19,461.6944,SL,3,-2.9164,1.0,-3.9164,-0.003101,False,all,trending,25.35,True,0.0,0.0
4,AMD,A,LONG,2024-10-03,491.76072703215243,19.834023678587094,2024-10-04,492.0066073956685,0.1535,472.1726,12.59,1257.98,2024-10-07,471.9365,SL,2,-3.0814,1.0,-4.0814,-0.003244,False,all,corrective,24.78,False,0.0,0.0
5,AMD,A,LONG,2024-10-11,501.01692635165415,21.052301904142777,2024-10-14,501.2674348148299,0.1501,480.2151,12.54,1252.9,2024-10-18,479.975,SL,5,-3.1957,1.0,-4.1957,-0.003349,False,all,corrective,21.13,False,0.0,0.0
6,AMD,A,LONG,2024-10-23,516.2953902226492,20.766071984572772,2024-10-24,516.5535379177605,0.145,495.7875,12.49,1247.7,2024-10-24,495.5396,SL,1,-3.0479,1.0,-4.0479,-0.003244,False,all,trending,25.27,True,0.0,0.0
7,AMD,A,LONG,2024-11-04,538.3093894777733,21.803296454076104,2024-11-05,538.5785441725121,0.1385,516.7752,12.44,1242.66,2024-11-12,603.6864,TP,6,9.0206,1.0,8.0206,0.006454,True,all,trending,39.27,True,0.0,0.0
8,AMD,A,LONG,2024-11-15,635.1084070978131,25.513364796291697,2024-11-18,635.425961301362,0.1181,609.9126,12.51,1249.68,2024-11-22,711.6101,TP,5,8.997,1.0,7.997,0.006399,True,all,trending,45.76,True,0.0,0.0
9,AMD,A,LONG,2024-11-25,736.4566257580449,27.13696298180211,2024-11-26,736.8248540709238,0.1024,709.6879,12.58,1256.67,2024-11-29,709.333,SL,4,-2.8155,1.0,-3.8155,-0.003036,False,all,trending,45.76,True,0.0,0.0
10,AMD,A,LONG,2024-12-03,771.9090656800449,30.366710493154773,2024-12-04,772.2950202128849,0.0973,741.9283,12.53,1251.86,2024-12-16,862.9635,TP,9,8.8252,1.0,7.8252,0.006251,True,all,trending,36.24,True,0.0,0.0
11,AMD,A,LONG,2024-12-17,899.4418120978908,35.378154384314826,2024-12-18,899.8915330039397,0.084,864.5134,12.6,1258.68,2024-12-20,864.0811,SL,3,-3.0077,1.0,-4.0077,-0.003184,False,all,corrective,24.25,False,0.0,0.0
12,AMD,A,LONG,2024-12-31,968.5986717857924,37.95786626668872,2025-01-01,969.0829711216852,0.0777,931.1251,12.55,1253.67,2025-01-16,1082.4151,TP,12,8.8039,1.0,7.8039,0.006225,True,all,corrective,16.54,False,0.0,0.0
13,AMD,A,LONG,2025-01-17,1141.9327014430128,43.17558200843831,2025-01-20,1142.5036677937342,0.0662,1099.3281,12.61,1260.48,2025-01-24,1098.7784,SL,5,-2.8967,1.0,-3.8967,-0.003091,False,all,corrective,15.27,False,0.0,0.0
14,AMD,A,LONG,2025-01-28,1202.2867769476422,43.234000533545725,2025-01-29,1202.887920336116,0.0627,1159.6539,12.57,1255.58,2025-01-31,1159.0741,SL,3,-2.7462,1.0,-3.7462,-0.002984,False,all,corrective,20.43,False,0.0,0.0
15,AMD,A,LONG,2025-02-17,1360.2347377234169,53.64258371040313,2025-02-18,1360.9148550922785,0.0552,1307.2723,12.52,1250.84,2025-02-20,1306.6186,SL,3,-2.9967,1.0,-3.9967,-0.003195,False,all,corrective,23.45,False,0.0,0.0
16,AMD,A,LONG,2025-04-22,1477.9041095750315,64.65455609914947,2025-04-23,1478.643061629819,0.0506,1413.9885,12.47,1245.84,2025-05-02,1671.7704,TP,8,9.7711,1.0,8.7711,0.00704,True,all,trending,48.61,True,0.0,0.0
17,AMD,A,LONG,2025-05-06,1846.5872651920772,71.31125446862032,2025-05-07,1847.5105588246731,0.0407,1776.1993,12.55,1253.61,2025-05-16,2060.4136,TP,8,8.6747,1.0,7.6747,0.006122,True,all,trending,37.63,True,0.0,0.0
18,AMD,A,LONG,2025-05-21,2285.2912410520025,84.16240853948203,2025-05-22,2286.4338866725284,0.0331,2202.2715,12.61,1260.29,2025-05-26,2537.6517,TP,3,8.3149,1.0,7.3149,0.005804,True,all,trending,36.73,True,0.0,0.0
19,AMD,A,LONG,2025-05-27,2650.166045745487,99.49183905358396,2025-05-28,2651.4911287683594,0.0287,2551.9993,12.68,1266.6,2025-06-02,2948.4917,TP,4,8.5192,1.0,7.5192,0.005937,True,all,trending,43.94,True,0.0,0.0
20,AMD,A,LONG,2025-06-03,3266.097998207375,124.1884162783183,2025-06-04,3267.7310472064787,0.0234,3143.5426,12.74,1273.12,2025-06-05,3141.9709,SL,2,-2.9421,1.0,-3.9421,-0.003096,False,all,trending,52.11,True,0.0,0.0
21,AMD,A,LONG,2025-07-14,2991.953999477278,121.18393862716944,2025-07-15,2993.4499764770167,0.0254,2872.266,12.69,1268.18,2025-08-04,2870.8299,SL,15,-3.1193,1.0,-4.1193,-0.003248,False,all,trending,34.49,True,0.0,0.0
22,AMD,A,LONG,2025-08-05,3212.6304134380857,133.5217203673345,2025-08-06,3214.2367286448048,0.0236,3080.715,12.64,1263.06,2025-08-11,3079.1747,SL,4,-3.1869,1.0,-4.1869,-0.003315,False,all,corrective,21.94,False,0.0,0.0
23,AMD,A,LONG,2025-08-22,3458.7873096202275,142.70788267658276,2025-08-25,3460.5167032750373,0.0218,3317.8088,12.59,1257.87,2025-08-25,3316.1499,SL,1,-3.1511,1.0,-4.1511,-0.0033,False,all,corrective,13.86,False,0.0,0.0
24,AMD,A,LONG,2025-08-26,3479.770459883728,140.7669491809349,2025-08-27,3481.5103451136697,0.0216,3340.7434,12.54,1252.72,2025-08-29,3339.073,SL,3,-3.0776,1.0,-4.0776,-0.003255,False,all,corrective,14.14,False,0.0,0.0
25,AMD,A,LONG,2025-09-03,3668.213756270774,147.53268840911394,2025-09-04,3670.047863148909,0.0204,3522.5152,12.49,1247.64,2025-09-08,3520.7539,SL,3,-3.0476,1.0,-4.0476,-0.003244,False,all,corrective,12.66,False,0.0,0.0
26,AMD,A,LONG,2025-10-15,3873.969858171892,158.25840993210045,2025-10-16,3875.9068431009778,0.0193,3717.6484,12.44,1242.59,2025-10-21,4348.5067,TP,4,9.0981,1.0,8.0981,0.006517,True,all,trending,33.09,True,0.0,0.0
27,AMD,A,LONG,2025-10-22,4401.387659928427,173.24963165671946,2025-10-23,4403.58835375839,0.017,4230.3387,12.51,1249.69,2025-11-04,4228.2236,SL,9,-2.9884,1.0,-3.9884,-0.003191,False,all,corrective,24.19,False,0.0,0.0
28,AMD,A,LONG,2025-11-14,4732.730522029554,196.735817066352,2025-11-17,4735.096887290569,0.0158,4538.3611,12.46,1244.7,2025-12-05,5322.6417,TP,15,9.2742,1.0,8.2742,0.006648,True,all,corrective,20.34,False,0.0,0.0
29,AMD,A,LONG,2025-12-24,5615.618687962524,251.95317608342154,2025-12-25,5618.426497306505,0.0134,5366.4733,12.53,1251.98,2026-01-12,6371.0989,TP,13,10.0713,1.0,9.0713,0.007246,True,all,corrective,23.77,False,0.0,0.0
30,AMD,A,LONG,2026-01-26,6853.842342917173,293.960353952971,2026-01-27,6857.269264088631,0.011,6563.3089,12.61,1260.05,2026-02-10,7735.2808,TP,11,9.688,1.0,8.688,0.006895,True,all,trending,40.06,True,0.0,0.0
31,AMD,A,LONG,2026-02-17,8052.171518209742,334.4818436607642,2026-02-18,8056.197603968847,0.01,7721.7158,12.69,1267.74,2026-02-19,7717.8549,SL,2,-3.3834,1.0,-4.3834,-0.003458,False,all,trending,44.62,True,0.0,0.0
32,AMD,A,LONG,2026-03-05,8658.419390912028,358.5149880982046,2026-03-06,8662.748600607483,0.01,8304.2336,12.63,1262.35,2026-03-09,8300.0815,SL,2,-3.6267,1.0,-4.6267,-0.003665,False,all,trending,38.72,True,0.0,0.0
33,AMD,A,LONG,2026-03-17,8929.210066423462,361.53539069568876,2026-03-18,8933.674671456674,0.01,8572.1393,12.58,1256.73,2026-03-19,9259.5008,EOB,2,3.2583,1.0,2.2583,0.001797,True,all,trending,31.24,True,0.0,0.0
1,AMZN,A,LONG,2024-08-26,329.7939831258425,14.699274350353996,2024-08-27,329.9588801174054,0.2273,315.2596,12.5,1249.0,2024-09-10,315.102,SL,11,-3.377,1.0,-4.377,-0.003504,False,all,corrective,14.21,False,0.0,0.0
2,AMZN,A,LONG,2024-10-02,345.8334611773225,16.193043107283398,2024-10-03,346.00637790791114,0.2158,329.8133,12.45,1243.62,2024-10-11,394.3882,TP,7,10.4421,1.0,9.4421,0.007592,True,all,trending,25.86,True,0.0,0.0
3,AMZN,A,LONG,2024-10-17,432.8483751690849,17.485995368451487,2024-10-18,433.06479935666937,0.1736,415.5788,12.53,1252.07,2024-10-25,485.28,TP,6,9.065,1.0,8.065,0.006441,True,all,corrective,22.21,False,0.0,0.0
4,AMZN,A,LONG,2024-11-13,504.80747238110985,19.95388818739408,2024-11-14,505.05987611730035,0.1497,485.106,12.6,1259.13,2024-11-29,564.6391,TP,12,8.919,1.0,7.919,0.006289,True,all,trending,41.82,True,0.0,0.0
5,AMZN,A,LONG,2024-12-05,605.2262170272727,24.245234076592975,2024-12-06,605.5288301357863,0.1255,581.2836,12.67,1266.05,2024-12-17,677.9254,TP,8,9.0892,1.0,8.0892,0.006389,True,all,trending,34.41,True,0.0,0.0
6,AMZN,A,LONG,2024-12-18,726.5657160792694,26.493380317731276,2024-12-19,726.928998937309,0.1052,700.4356,12.74,1273.14,2025-01-08,806.0059,TP,15,8.3162,1.0,7.3162,0.005747,True,all,corrective,22.59,False,0.0,0.0
7,AMZN,A,LONG,2025-01-09,840.4478799849762,33.46115560241758,2025-01-10,840.8681039249686,0.0914,807.4069,12.8,1279.45,2025-01-17,940.7809,TP,6,9.1287,1.0,8.1287,0.006353,True,all,corrective,12.7,False,0.0,0.0
8,AMZN,A,LONG,2025-01-20,998.1819623099284,36.10977110014075,2025-01-21,998.6810532910833,0.0774,962.5713,12.88,1286.58,2025-01-24,962.09,SL,4,-2.8306,1.0,-3.8306,-0.002977,False,all,corrective,15.21,False,0.0,0.0
9,AMZN,A,LONG,2025-01-28,1045.9012840083485,41.453550950955396,2025-01-29,1046.4242346503527,0.0736,1004.9707,12.83,1281.75,2025-02-06,1004.4682,SL,7,-3.0859,1.0,-4.0859,-0.003188,False,all,corrective,20.43,False,0.0,0.0
10,AMZN,A,LONG,2025-02-14,1132.6890559263502,46.94709190061983,2025-02-17,1133.2554004543133,0.0676,1086.3083,12.78,1276.67,2025-02-20,1273.4596,TP,4,9.4842,1.0,8.4842,0.006646,True,all,corrective,22.9,False,0.0,0.0
11,AMZN,A,LONG,2025-02-21,1324.2098622327185,49.728136421879476,2025-02-24,1324.8719671638348,0.0582,1275.1438,12.85,1284.15,2025-03-05,1274.5063,SL,8,-2.9313,1.0,-3.9313,-0.003061,False,all,trending,26.07,True,0.0,0.0
12,AMZN,A,LONG,2025-07-10,1143.515295495159,46.87987278308765,2025-07-11,1144.0870531429066,0.0671,1097.2072,12.8,1279.22,2025-07-17,1096.6586,SL,5,-3.1843,1.0,-4.1843,-0.003271,False,all,trending,39.05,True,0.0,0.0
13,AMZN,A,LONG,2025-12-31,1259.5434874934597,53.613359972018756,2026-01-01,1260.1732592372064,0.0607,1206.5599,12.75,1274.04,2026-01-02,1205.9566,SL,2,-3.2914,1.0,-4.2914,-0.003368,False,all,corrective,24.4,False,0.0,0.0
14,AMZN,A,LONG,2026-01-12,1292.1922239171324,52.01422488678994,2026-01-13,1292.838320029091,0.0589,1240.8241,12.7,1268.74,2026-02-06,1240.2037,SL,19,-3.1017,1.0,-4.1017,-0.003233,False,all,trending,36.35,True,0.0,0.0
1,CRM,A,LONG,2024-08-07,336.5758075919382,14.577511204772993,2024-08-08,336.74409549573414,0.2227,322.1666,12.5,1249.0,2024-08-15,322.0055,SL,6,-3.2826,1.0,-4.2826,-0.003429,False,all,corrective,11.92,False,0.0,0.0
2,CRM,A,LONG,2024-08-23,375.15636468619124,15.683331964086676,2024-08-26,375.3439428685343,0.199,359.6606,12.45,1243.72,2024-09-20,399.5251,TIME,20,4.8114,1.0,3.8114,0.003065,True,all,corrective,13.16,False,0.0,0.0
3,CRM,A,LONG,2024-11-07,432.40386970794833,18.79373631707582,2024-11-08,432.62007164280226,0.173,413.8263,12.48,1246.53,2024-11-12,413.6194,SL,3,-3.2875,1.0,-4.2875,-0.00344,False,all,trending,36.89,True,0.0,0.0
4,CRM,A,LONG,2025-01-08,477.33267784078157,21.090916666261066,2025-01-09,477.57134417970195,0.1561,456.4804,12.42,1241.24,2025-01-13,456.2522,SL,3,-3.3273,1.0,-4.3273,-0.003486,False,all,corrective,13.11,False,0.0,0.0
5,CRM,A,LONG,2025-02-04,523.0435512578322,19.436240675527603,2025-02-05,523.3050730334611,0.1418,503.8688,12.37,1235.91,2025-02-10,503.6169,SL,4,-2.7922,1.0,-3.7922,-0.003068,False,all,trending,30.15,True,0.0,0.0
6,CRM,A,LONG,2025-03-11,558.5125751502115,22.632459000715183,2025-03-12,558.7918314377866,0.1323,536.1594,12.32,1231.12,2025-03-17,626.3759,TP,4,8.9413,1.0,7.9413,0.00645,True,all,trending,36.52,True,0.0,0.0
7,CRM,A,LONG,2025-03-18,666.40017644463,27.54195451436039,2025-03-19,666.7333765328523,0.1115,639.1914,12.39,1238.06,2025-04-07,748.9846,TP,14,9.1714,1.0,8.1714,0.0066,True,all,trending,33.41,True,0.0,0.0
8,CRM,A,LONG,2025-04-08,769.0383717277218,32.23625964482374,2025-04-09,769.4228909135857,0.0972,737.1866,12.46,1245.23,2025-04-10,736.818,SL,2,-3.1686,1.0,-4.1686,-0.003348,False,all,trending,42.46,True,0.0,0.0
9,CRM,A,LONG,2025-04-15,793.0245851933728,33.30669457186751,2025-04-16,793.4210974859694,0.0939,760.1144,12.41,1240.07,2025-05-01,892.8945,TP,12,9.3358,1.0,8.3358,0.006722,True,all,trending,44.57,True,0.0,0.0
10,CRM,A,LONG,2025-05-12,911.3128369430201,33.30553158709314,2025-05-13,911.7684933614916,0.0822,878.463,12.48,1247.4,2025-05-19,1011.1792,TP,5,8.1668,1.0,7.1668,0.005745,True,all,trending,30.32,True,0.0,0.0
11,CRM,A,LONG,2025-05-29,1103.538048722985,41.75552833231743,2025-05-30,1104.0898177473464,0.0682,1062.3343,12.55,1253.57,2025-06-11,1228.7417,TP,9,8.4985,1.0,7.4985,0.005982,True,all,trending,46.92,True,0.0,0.0
12,CRM,A,LONG,2025-06-12,1256.6280727666494,46.395286643117934,2025-06-13,1257.2563868030327,0.0602,1210.8611,12.61,1260.07,2025-06-16,1210.2557,SL,2,-2.8286,1.0,-3.8286,-0.003038,False,all,trending,63.46,True,0.0,0.0
13,CRM,A,LONG,2025-06-19,1328.2159848104434,50.65008028701592,2025-06-20,1328.8800928028486,0.0567,1278.23,12.56,1255.24,2025-06-23,1277.5909,SL,2,-2.9091,1.0,-3.9091,-0.003114,False,all,trending,69.2,True,0.0,0.0
14,CRM,A,LONG,2025-06-26,1356.7494432154233,55.14516683033697,2025-06-27,1357.427817937031,0.0553,1302.2827,12.51,1250.33,2025-07-22,1301.6315,SL,18,-3.0861,1.0,-4.0861,-0.003268,False,all,trending,64.67,True,0.0,0.0
15,CRM,A,LONG,2025-08-19,1415.3840736162076,56.68525088379421,2025-08-20,1416.0917656530157,0.0528,1359.4065,12.46,1245.24,2025-08-21,1358.7268,SL,2,-3.0291,1.0,-4.0291,-0.003236,False,all,corrective,16.05,False,0.0,0.0
16,CRM,A,LONG,2025-09-24,1502.6212758660613,63.97194056683384,2025-09-25,1503.3725865039942,0.0495,1439.4006,12.41,1240.21,2025-09-25,1438.6809,SL,1,-3.2046,1.0,-4.2046,-0.00339,False,all,trending,26.57,True,0.0,0.0
17,CRM,A,LONG,2025-10-28,1539.4297205933608,66.49968705872227,2025-10-29,1540.1994354536573,0.0481,1473.6997,12.36,1235.01,2025-11-07,1738.8286,TP,8,9.564,1.0,8.564,0.006934,True,all,corrective,20.08,False,0.0,0.0
18,CRM,A,LONG,2025-11-10,1868.8786247109726,75.24049453809182,2025-11-11,1869.813064023328,0.0399,1794.5726,12.44,1242.57,2025-11-11,1793.6753,SL,1,-3.0383,1.0,-4.0383,-0.00325,False,all,corrective,19.99,False,0.0,0.0
19,CRM,A,LONG,2025-11-14,1995.8565209478745,82.66128612715596,2025-11-17,1996.8544492083483,0.0372,1914.1932,12.39,1237.54,2025-11-18,1913.2361,SL,2,-3.1118,1.0,-4.1118,-0.003323,False,all,corrective,20.34,False,0.0,0.0
20,CRM,A,LONG,2025-11-26,2101.762528851399,85.98911306725225,2025-11-27,2102.813410115825,0.0352,2016.8243,12.33,1232.42,2025-12-15,2359.6004,TP,13,9.0372,1.0,8.0372,0.006521,True,all,corrective,24.4,False,0.0,0.0
21,CRM,A,LONG,2025-12-25,2554.006777789243,99.28634358513682,2025-12-26,2555.283781178138,0.0291,2455.9974,12.4,1239.46,2025-12-26,2454.7694,SL,1,-2.9277,1.0,-3.9277,-0.003169,False,all,corrective,23.55,False,0.0,0.0
22,CRM,A,LONG,2026-02-17,2518.58195367951,99.17685513966819,2026-02-18,2519.8412446563498,0.0294,2420.6644,12.36,1234.53,2026-03-05,2419.4541,SL,12,-2.9533,1.0,-3.9533,-0.003202,False,all,trending,44.62,True,0.0,0.0
1,CRWD,A,LONG,2024-08-05,390.0000103337149,15.604544647370062,2024-08-06,390.19501033888173,0.1922,374.5905,12.5,1249.0,2024-08-22,436.7901,TP,13,8.9561,1.0,7.9561,0.00637,True,all,corrective,13.01,False,0.0,0.0
2,CRWD,A,LONG,2024-09-09,457.04279675438687,18.011424395034076,2024-09-10,457.271318152764,0.1649,439.2599,12.57,1255.96,2024-09-11,439.0403,SL,2,-3.0068,1.0,-4.0068,-0.00319,False,all,corrective,20.12,False,0.0,0.0
3,CRWD,A,LONG,2024-09-18,468.8385066111883,18.483789081884343,2024-09-19,469.07292586449387,0.1601,450.5891,12.52,1250.95,2024-09-20,450.3638,SL,2,-2.9961,1.0,-3.9961,-0.003194,False,all,trending,27.59,True,0.0,0.0
4,CRWD,A,LONG,2024-10-01,501.2081983614654,22.055094522707037,2024-10-02,501.4588024606461,0.1492,479.4037,12.47,1245.95,2024-10-11,567.3403,TP,8,9.8295,1.0,8.8295,0.007087,True,all,trending,26.7,True,0.0,0.0
5,CRWD,A,LONG,2024-10-18,616.7115408062896,24.35624461138039,2024-10-21,617.0198965766926,0.122,592.6637,12.55,1253.78,2024-10-31,689.7436,TP,9,8.8735,1.0,7.8735,0.00628,True,all,corrective,23.2,False,0.0,0.0
6,CRWD,A,LONG,2024-11-01,707.6927975316585,27.079238058354964,2024-11-04,708.0466439304242,0.1069,680.9674,12.62,1260.66,2024-11-20,680.6269,SL,13,-2.9315,1.0,-3.9315,-0.003119,False,all,trending,38.37,True,0.0,0.0
7,CRWD,A,LONG,2024-11-28,792.9675719910878,32.57362790322266,2024-11-29,793.3640557770833,0.095,760.7904,12.57,1255.72,2024-12-02,760.41,SL,2,-3.132,1.0,-4.132,-0.003291,False,all,trending,40.73,True,0.0,0.0
8,CRWD,A,LONG,2024-12-10,821.6861534213172,36.089261958658184,2024-12-11,822.0969964980278,0.0913,786.0077,12.52,1250.59,2024-12-23,785.6147,SL,9,-3.3325,1.0,-4.3325,-0.003464,False,all,trending,30.31,True,0.0,0.0
9,CRWD,A,LONG,2025-01-28,821.9342941366053,34.334054663724366,2025-01-29,822.3452612836736,0.0909,788.0112,12.46,1245.26,2025-02-07,924.8848,TP,8,9.3239,1.0,8.3239,0.006684,True,all,corrective,20.43,False,0.0,0.0
10,CRWD,A,LONG,2025-02-12,988.0897926071665,37.80999269733986,2025-02-13,988.58383750347,0.0761,950.7738,12.54,1252.58,2025-02-14,950.2985,SL,2,-2.9129,1.0,-3.9129,-0.003124,False,all,corrective,22.38,False,0.0,0.0
11,CRWD,A,LONG,2025-03-13,1004.4539940900314,44.53408086877844,2025-03-14,1004.9562210870764,0.0746,960.4221,12.49,1247.67,2025-03-28,1137.9892,TP,11,9.9177,1.0,8.9177,0.007147,True,all,trending,35.16,True,0.0,0.0
12,CRWD,A,LONG,2025-03-31,1191.6092220463415,47.676064907452236,2025-04-01,1192.2050266573647,0.0632,1144.529,12.57,1255.59,2025-04-02,1143.9567,SL,2,-3.0512,1.0,-4.0512,-0.003227,False,all,trending,35.08,True,0.0,0.0
13,CRWD,A,LONG,2025-04-25,1209.7789548333715,50.91095820218022,2025-04-28,1210.3838443107882,0.062,1159.4729,12.52,1250.54,2025-05-02,1158.8931,SL,5,-3.1945,1.0,-4.1945,-0.003354,False,all,trending,46.77,True,0.0,0.0
14,CRWD,A,LONG,2025-06-16,1063.3317621475746,45.64315613784337,2025-06-17,1063.8634280286483,0.0703,1018.2203,12.46,1245.34,2025-06-19,1017.7112,SL,3,-3.2441,1.0,-4.2441,-0.003408,False,all,trending,66.69,True,0.0,0.0
15,CRWD,A,LONG,2025-07-11,1118.2198512234045,44.09520832557861,2025-07-14,1118.7789611490161,0.0666,1074.6838,12.41,1240.1,2025-08-05,1074.1464,SL,17,-2.9707,1.0,-3.9707,-0.003202,False,all,trending,37.01,True,0.0,0.0
16,CRWD,A,LONG,2025-09-11,1129.145754227558,45.066381941739955,2025-09-12,1129.7103271046717,0.0657,1084.6439,12.36,1235.13,2025-09-18,1084.1016,SL,5,-2.9943,1.0,-3.9943,-0.003234,False,all,corrective,12.59,False,0.0,0.0
17,CRWD,A,LONG,2025-12-01,1348.4480034275086,55.83638387529362,2025-12-02,1349.1222274292222,0.0548,1293.2858,12.31,1230.13,2025-12-02,1292.6392,SL,1,-3.0926,1.0,-4.0926,-0.003327,False,all,trending,25.51,True,0.0,0.0
18,CRWD,A,LONG,2025-12-03,1388.482464466541,62.52828291810347,2025-12-04,1389.1767056987742,0.053,1326.6484,12.26,1225.04,2025-12-19,1575.9732,TP,12,9.8916,1.0,8.8916,0.007258,True,all,trending,25.9,True,0.0,0.0
19,CRWD,A,LONG,2026-01-23,1586.20819387912,65.45959544321975,2026-01-26,1587.0012979760595,0.0467,1521.5417,12.34,1232.93,2026-01-28,1520.7809,SL,3,-3.0893,1.0,-4.0893,-0.003317,False,all,trending,39.1,True,0.0,0.0
1,GOOGL,A,LONG,2024-08-02,361.6119581047901,14.782369768435979,2024-08-05,361.7927640838425,0.2073,347.0104,12.5,1249.0,2024-08-15,405.9368,TP,9,9.1511,1.0,8.1511,0.006526,True,all,corrective,13.7,False,0.0,0.0
2,GOOGL,A,LONG,2024-08-19,445.66576232695036,16.61144115821567,2024-08-20,445.8885952081138,0.1692,429.2772,12.57,1256.15,2024-09-04,429.0625,SL,12,-2.8464,1.0,-3.8464,-0.003062,False,all,corrective,11.12,False,0.0,0.0
3,GOOGL,A,LONG,2024-10-21,504.8496180993539,19.574608152297994,2024-10-22,505.1020429084036,0.1488,485.5274,12.52,1251.3,2024-11-05,563.544,TP,11,8.6937,1.0,7.6937,0.006149,True,all,corrective,24.04,False,0.0,0.0
4,GOOGL,A,LONG,2024-11-06,589.3032058800953,22.027283679121354,2024-11-07,589.5978574830353,0.1281,567.5706,12.59,1258.0,2024-11-07,567.2868,SL,1,-2.8585,1.0,-3.8585,-0.003067,False,all,trending,37.38,True,0.0,0.0
5,GOOGL,A,LONG,2024-11-14,613.3200811885334,25.511131655993346,2024-11-15,613.6267412291277,0.1226,588.1156,12.54,1253.14,2024-11-22,689.8151,TP,6,9.3429,1.0,8.3429,0.006658,True,all,trending,43.87,True,0.0,0.0
6,GOOGL,A,LONG,2025-01-01,718.8114085477891,30.268045234030563,2025-01-02,719.170814252063,0.1052,688.9028,12.61,1260.48,2025-01-20,809.57,TP,13,9.514,1.0,8.514,0.006755,True,all,corrective,16.04,False,0.0,0.0
7,GOOGL,A,LONG,2025-01-24,850.0040415862813,29.12795384715394,2025-01-27,850.4290436070744,0.0895,821.3011,12.69,1268.0,2025-01-27,820.8904,SL,1,-2.6446,1.0,-3.6446,-0.002874,False,all,corrective,18.81,False,0.0,0.0
8,GOOGL,A,LONG,2025-02-11,861.9923370219685,35.51738283706424,2025-02-12,862.4233331904794,0.088,826.906,12.64,1263.35,2025-02-13,826.4925,SL,2,-3.1606,1.0,-4.1606,-0.003293,False,all,corrective,22.98,False,0.0,0.0
9,GOOGL,A,LONG,2025-02-18,922.913224098807,39.309681279334974,2025-02-19,923.3746807108563,0.0818,884.065,12.59,1258.19,2025-02-28,1040.7831,TP,8,9.6065,1.0,8.6065,0.00684,True,all,corrective,24.27,False,0.0,0.0
10,GOOGL,A,LONG,2025-03-04,1101.9478394454688,44.0708494961521,2025-03-05,1102.4988133651916,0.0689,1058.428,12.67,1265.8,2025-03-05,1057.8987,SL,1,-3.0748,1.0,-4.0748,-0.003219,False,all,trending,37.06,True,0.0,0.0
11,GOOGL,A,LONG,2025-03-11,1126.2498969772412,48.70809678149018,2025-03-12,1126.8130219257298,0.0672,1078.1049,12.62,1260.72,2025-03-27,1077.5659,SL,12,-3.3086,1.0,-4.3086,-0.003418,False,all,trending,36.52,True,0.0,0.0
12,GOOGL,A,LONG,2025-04-07,1255.1092613981318,54.404693711353666,2025-04-08,1255.7368160288308,0.06,1201.3321,12.56,1255.41,2025-04-08,1200.7315,SL,1,-3.3021,1.0,-4.3021,-0.003427,False,all,trending,41.85,True,0.0,0.0
13,GOOGL,A,LONG,2025-05-29,1345.4864028235102,58.37993219697443,2025-05-30,1346.159146024922,0.0558,1287.7792,12.51,1250.11,2025-06-05,1520.5383,TP,5,9.724,1.0,8.724,0.006979,True,all,trending,46.92,True,0.0,0.0
14,GOOGL,A,LONG,2025-06-09,1617.8319276045902,69.53084401695901,2025-06-10,1618.6408435683925,0.0467,1549.11,12.59,1257.84,2025-06-13,1548.3354,SL,4,-3.2806,1.0,-4.2806,-0.003403,False,all,trending,58.99,True,0.0,0.0
15,GOOGL,A,LONG,2025-06-30,1685.1379125028188,70.06844229678661,2025-07-01,1685.9804814590702,0.0446,1615.912,12.54,1252.56,2025-07-03,1615.1041,SL,3,-3.1619,1.0,-4.1619,-0.003323,False,all,trending,60.19,True,0.0,0.0
16,GOOGL,A,LONG,2025-07-22,1720.5802629039397,71.08801142123724,2025-07-23,1721.4405530353915,0.0435,1650.3525,12.48,1247.39,2025-07-29,1933.7372,TP,5,9.2375,1.0,8.2375,0.006604,True,all,corrective,23.96,False,0.0,0.0
17,GOOGL,A,LONG,2025-08-06,2005.89954744518,77.33036341538156,2025-08-07,2006.9024972189025,0.0375,1929.5721,12.56,1254.63,2025-08-08,1928.6073,SL,2,-2.9392,1.0,-3.9392,-0.00314,False,all,corrective,21.25,False,0.0,0.0
18,GOOGL,A,LONG,2025-08-11,2113.52721366888,81.58520924464082,2025-08-12,2114.5839772757145,0.0355,2032.9988,12.51,1249.69,2025-08-21,2031.9823,SL,8,-2.9313,1.0,-3.9313,-0.003146,False,all,corrective,18.76,False,0.0,0.0
19,GOOGL,A,LONG,2025-10-21,1820.5470852942415,82.17310401442187,2025-10-22,1821.4573588368885,0.041,1739.2843,12.46,1244.76,2025-10-23,1738.4146,SL,2,-3.4078,1.0,-4.4078,-0.003541,False,all,trending,25.16,True,0.0,0.0
20,GOOGL,A,LONG,2025-11-06,1848.202509780626,88.03968649972995,2025-11-07,1849.1266110355164,0.0402,1761.0869,12.4,1239.35,2025-11-19,2112.189,TP,9,10.5874,1.0,9.5874,0.007736,True,all,corrective,19.27,False,0.0,0.0
21,GOOGL,A,LONG,2025-11-20,2242.289247177499,93.65417239463194,2025-11-21,2243.4103918010874,0.0334,2149.7562,12.49,1247.94,2025-11-21,2148.6813,SL,1,-3.1642,1.0,-4.1642,-0.003337,False,all,corrective,19.56,False,0.0,0.0
22,GOOGL,A,LONG,2025-12-09,2310.726920425788,98.82032091759378,2025-12-10,2311.882283886001,0.0323,2213.062,12.44,1242.78,2025-12-26,2607.0391,TP,13,9.5275,1.0,8.5275,0.006862,True,all,corrective,21.95,False,0.0,0.0
23,GOOGL,A,LONG,2025-12-30,2785.2997475663947,105.86251159348599,2025-12-31,2786.6923974401775,0.0269,2680.8299,12.51,1250.3,2026-01-06,2679.4895,SL,5,-2.8882,1.0,-3.8882,-0.00311,False,all,corrective,23.61,False,0.0,0.0
24,GOOGL,A,LONG,2026-02-13,2644.4120692042006,126.403872888627,2026-02-16,2645.7342752388026,0.0283,2519.3304,12.46,1245.42,2026-03-05,3023.4334,TP,14,10.6761,1.0,9.6761,0.007769,True,all,trending,41.55,True,0.0,0.0
25,GOOGL,A,LONG,2026-03-06,3303.8115494294393,136.8553495062455,2026-03-09,3305.463455204154,0.0228,3168.6081,12.55,1254.09,2026-03-09,3167.0238,SL,1,-3.154,1.0,-4.154,-0.003312,False,all,trending,36.44,True,0.0,0.0
1,IWM,A,LONG,2024-08-29,320.9973121757001,13.318122491492712,2024-08-30,321.1578108317879,0.2335,307.8397,12.5,1249.0,2024-09-09,307.6858,SL,7,-3.1461,1.0,-4.1461,-0.00332,False,all,corrective,13.79,False,0.0,0.0
2,IWM,A,LONG,2024-09-20,338.2503137402819,14.225062954356197,2024-09-23,338.419438897152,0.2207,324.1944,12.45,1243.85,2024-10-04,380.9041,TP,10,9.3766,1.0,8.3766,0.006734,True,all,trending,30.21,True,0.0,0.0
3,IWM,A,LONG,2024-10-07,389.1739134605792,15.090345654608816,2024-10-08,389.36850041730946,0.193,374.2782,12.52,1251.23,2024-10-08,374.091,SL,1,-2.948,1.0,-3.948,-0.003155,False,all,corrective,22.96,False,0.0,0.0
4,IWM,A,LONG,2024-12-02,395.0925083943007,14.687376713598168,2024-12-03,395.2900546484978,0.1893,380.6027,12.47,1246.28,2024-12-19,439.1325,TP,13,8.3003,1.0,7.3003,0.005858,True,all,trending,37.63,True,0.0,0.0
5,IWM,A,LONG,2024-12-24,475.92440639928367,19.4941837852845,2024-12-25,476.1623686024833,0.158,456.6682,12.54,1252.58,2025-01-21,516.3788,TIME,20,6.3526,1.0,5.3526,0.004273,True,all,corrective,19.95,False,0.0,0.0
6,IWM,A,LONG,2025-01-27,554.0368452543579,22.820202923621384,2025-01-28,554.3138636769851,0.1362,531.4937,12.58,1256.94,2025-01-30,531.2279,SL,3,-3.1434,1.0,-4.1434,-0.003296,False,all,corrective,19.65,False,0.0,0.0
7,IWM,A,LONG,2025-02-03,589.7181559824555,24.435303235722984,2025-02-04,590.0130150604467,0.1274,565.5777,12.53,1251.79,2025-02-13,565.2949,SL,8,-3.1491,1.0,-4.1491,-0.003315,False,all,trending,28.13,True,0.0,0.0
8,IWM,A,LONG,2025-03-11,627.3559998111313,26.07406424339397,2025-03-12,627.6696778110368,0.1193,601.5956,12.48,1246.64,2025-03-21,601.2948,SL,8,-3.1456,1.0,-4.1456,-0.003325,False,all,trending,36.52,True,0.0,0.0
9,IWM,A,LONG,2025-04-11,670.2115443663496,25.733494000307452,2025-04-14,670.5466501385328,0.1112,644.8132,12.42,1241.5,2025-05-09,747.3733,TP,20,8.5414,1.0,7.5414,0.006074,True,all,trending,41.98,True,0.0,0.0
10,IWM,A,LONG,2025-05-15,753.456090613041,34.39111678064123,2025-05-16,753.8328186583475,0.0994,719.4417,12.49,1248.04,2025-05-21,719.082,SL,4,-3.4548,1.0,-4.4548,-0.003569,False,all,trending,30.9,True,0.0,0.0
11,IWM,A,LONG,2025-05-23,798.6779685998748,34.14754205044734,2025-05-26,799.0773075841747,0.0934,764.9298,12.44,1242.58,2025-05-27,764.5473,SL,2,-3.2243,1.0,-4.2243,-0.0034,False,all,trending,41.1,True,0.0,0.0
12,IWM,A,LONG,2025-07-21,885.9996113636256,40.39558785263233,2025-07-22,886.4426111693074,0.0838,846.047,12.38,1237.36,2025-07-24,845.624,SL,3,-3.4214,1.0,-4.4214,-0.003573,False,all,trending,25.22,True,0.0,0.0
13,IWM,A,LONG,2025-07-25,901.3391452319743,41.07738893365844,2025-07-28,901.7898148045903,0.082,860.7124,12.33,1231.94,2025-08-07,1024.5095,TP,9,10.067,1.0,9.067,0.00736,True,all,corrective,20.45,False,0.0,0.0
14,IWM,A,LONG,2025-08-08,1069.5264790183278,43.28204292851102,2025-08-11,1070.061242257837,0.0696,1026.7792,12.41,1240.01,2025-08-11,1026.2658,SL,1,-3.0475,1.0,-4.0475,-0.003264,False,all,corrective,19.53,False,0.0,0.0
15,IWM,A,LONG,2025-08-22,1103.7641682189865,46.329347134053315,2025-08-25,1104.3160503030958,0.0672,1057.9867,12.36,1234.96,2025-08-25,1057.4577,SL,1,-3.1466,1.0,-4.1466,-0.003358,False,all,corrective,13.86,False,0.0,0.0
16,IWM,A,LONG,2025-08-28,1119.6256498937653,43.94334963755003,2025-08-29,1120.1854627187122,0.0659,1076.2421,12.31,1229.81,2025-09-02,1075.704,SL,3,-2.9325,1.0,-3.9325,-0.003198,False,all,corrective,14.03,False,0.0,0.0
17,IWM,A,LONG,2025-09-12,1181.4561288943269,47.03827718788223,2025-09-15,1182.046856958774,0.0622,1135.0086,12.26,1224.88,2025-10-02,1134.4411,SL,14,-2.9623,1.0,-3.9623,-0.003235,False,all,corrective,12.74,False,0.0,0.0
18,IWM,A,LONG,2025-11-13,1079.4645630226426,49.48164173479261,2025-11-14,1080.0042953041539,0.0678,1030.5227,12.21,1219.92,2025-11-19,1042.5002,EMA50_STRUCT,4,-2.5438,1.0,-3.5438,-0.002905,False,all,corrective,21.56,False,0.0,0.0
19,IWM,A,LONG,2026-02-12,1036.4504815668245,40.730373377819454,2026-02-13,1036.9687068076078,0.0704,996.2383,12.16,1215.37,2026-02-20,1158.5802,TP,6,8.5591,1.0,7.5591,0.00622,True,all,trending,40.46,True,0.0,0.0
20,IWM,A,LONG,2026-03-09,1202.9264848624741,47.894707495026914,2026-03-10,1203.5279481049054,0.061,1155.6332,12.23,1221.93,2026-03-19,1319.8071,EOB,8,7.0892,1.0,6.0892,0.004983,True,all,trending,34.01,True,0.0,0.0
1,META,A,LONG,2024-08-19,276.6621916946113,12.719026371350042,2024-08-20,276.80052279045856,0.271,264.0815,12.5,1249.0,2024-08-21,263.9495,SL,2,-3.482,1.0,-4.482,-0.003589,False,all,corrective,11.12,False,0.0,0.0
2,META,A,LONG,2024-09-04,285.3413676264588,12.166659914832252,2024-09-05,285.484038310272,0.2616,273.3174,12.45,1243.52,2024-09-06,273.1807,SL,2,-3.2181,1.0,-4.2181,-0.003392,False,all,corrective,17.72,False,0.0,0.0
3,META,A,LONG,2024-09-17,299.3029091828945,12.365927783916133,2024-09-18,299.45256063748593,0.2483,287.0866,12.39,1238.3,2024-10-15,327.1142,TIME,20,6.8687,1.0,5.8687,0.004739,True,all,trending,26.47,True,0.0,0.0
4,META,A,LONG,2024-10-16,337.47812702425745,13.629284281449454,2024-10-17,337.6468660877696,0.2211,324.0176,12.44,1243.17,2024-10-17,323.8556,SL,1,-3.0491,1.0,-4.0491,-0.003257,False,all,corrective,21.64,False,0.0,0.0
5,META,A,LONG,2024-12-06,267.9301578201664,12.177879087640854,2024-12-09,268.0641228990765,0.2773,255.8862,12.39,1238.12,2024-12-10,255.7583,SL,2,-3.413,1.0,-4.413,-0.003564,False,all,trending,33.02,True,0.0,0.0
6,META,A,LONG,2024-12-25,284.61958420759765,11.948328960689528,2024-12-26,284.76189399970144,0.2599,272.8136,12.34,1232.71,2025-01-07,320.4466,TP,9,9.2761,1.0,8.2761,0.006714,True,all,corrective,20.04,False,0.0,0.0
7,META,A,LONG,2025-01-16,349.5684795991537,14.689943360435338,2025-01-17,349.7432638389533,0.2129,335.0533,12.41,1239.98,2025-01-17,334.8858,SL,1,-3.1631,1.0,-4.1631,-0.003357,False,all,corrective,14.37,False,0.0,0.0
8,META,A,LONG,2025-01-28,354.2609300326253,14.99982730145262,2025-01-29,354.43806049764163,0.2092,339.4382,12.36,1234.82,2025-02-14,339.2685,SL,13,-3.1735,1.0,-4.1735,-0.00338,False,all,corrective,20.43,False,0.0,0.0
9,META,A,LONG,2025-03-07,393.55628382170005,16.347845640807655,2025-03-10,393.7530619636109,0.1875,377.4052,12.31,1229.65,2025-03-11,377.2165,SL,2,-3.101,1.0,-4.101,-0.003335,False,all,trending,36.87,True,0.0,0.0
10,META,A,LONG,2025-06-13,277.60174168502397,12.240918667336825,2025-06-16,277.74054255586645,0.2648,265.4996,12.26,1224.54,2025-06-26,265.3669,SL,9,-3.276,1.0,-4.276,-0.003492,False,all,trending,65.08,True,0.0,0.0
11,META,A,LONG,2025-07-15,319.01258433007655,13.708023426321729,2025-07-16,319.17209062224157,0.2294,305.4641,12.2,1219.27,2025-07-18,360.116,TP,3,9.3923,1.0,8.3923,0.006883,True,all,trending,32.43,True,0.0,0.0
12,META,A,LONG,2025-07-22,377.0021062931838,15.372866475088625,2025-07-23,377.19060734633035,0.1953,361.8177,12.28,1226.66,2025-07-28,423.0976,TP,4,8.9649,1.0,7.9649,0.006493,True,all,corrective,23.96,False,0.0,0.0
13,META,A,LONG,2025-07-29,441.1671905680175,17.16290053245187,2025-07-30,441.38777416330146,0.1678,424.2249,12.35,1233.63,2025-08-05,492.63,TP,5,8.5999,1.0,7.5999,0.006161,True,all,corrective,21.68,False,0.0,0.0
14,META,A,LONG,2025-08-29,520.9571092793739,20.758198728065206,2025-09-01,521.2175878340136,0.1429,500.4594,12.41,1240.23,2025-09-19,583.2004,TP,15,8.8563,1.0,7.8563,0.006335,True,all,corrective,13.73,False,0.0,0.0
15,META,A,LONG,2025-09-24,616.8136546384411,25.32416433902049,2025-09-25,617.1220614657603,0.1213,591.7979,12.48,1247.08,2025-10-07,692.748,TP,9,9.1769,1.0,8.1769,0.006557,True,all,trending,26.57,True,0.0,0.0
16,META,A,LONG,2025-10-24,756.1588136355098,29.853919798374903,2025-10-27,756.5368930423275,0.0996,726.683,12.55,1254.26,2025-11-14,845.6756,TP,15,8.874,1.0,7.874,0.006278,True,all,corrective,21.73,False,0.0,0.0
17,META,A,LONG,2025-11-17,949.6125132380947,38.38173046827312,2025-11-18,950.0873194947137,0.0797,911.7056,12.62,1261.13,2025-11-20,911.2497,SL,3,-3.0956,1.0,-4.0956,-0.003248,False,all,corrective,19.68,False,0.0,0.0
18,META,A,LONG,2025-11-25,978.8676653179745,39.93952630866357,2025-11-26,979.3570991506334,0.077,939.4176,12.57,1256.04,2025-12-09,1098.6261,TP,10,9.1851,1.0,8.1851,0.006517,True,all,corrective,24.06,False,0.0,0.0
19,META,A,LONG,2025-12-18,1142.4544979913687,45.8468207067025,2025-12-19,1143.0257252403644,0.0664,1097.1789,12.64,1263.22,2025-12-22,1096.6303,SL,2,-3.0789,1.0,-4.0789,-0.003229,False,all,trending,25.91,True,0.0,0.0
20,META,A,LONG,2026-01-15,1158.9822191753244,49.68836157548203,2026-01-16,1159.5617102849121,0.0652,1109.8733,12.59,1258.14,2026-01-30,1109.3184,SL,11,-3.2735,1.0,-4.2735,-0.003397,False,all,trending,38.01,True,0.0,0.0
21,META,A,LONG,2026-02-13,1288.9806597834963,48.68276163871271,2026-02-16,1289.625150113388,0.0583,1240.9424,12.54,1252.87,2026-02-17,1240.3219,SL,2,-2.8762,1.0,-3.8762,-0.003094,False,all,trending,41.55,True,0.0,0.0
1,MRVL,A,LONG,2024-08-22,373.5986517266445,15.970684567984435,2024-08-23,373.7854510525078,0.2006,357.8148,12.5,1249.0,2024-08-26,357.6359,SL,2,-3.2404,1.0,-4.2404,-0.003395,False,all,corrective,12.87,False,0.0,0.0
2,MRVL,A,LONG,2024-09-02,379.3270884917176,15.94903800151843,2024-09-03,379.5167520359634,0.1968,363.5677,12.45,1243.76,2024-09-10,363.3859,SL,6,-3.1744,1.0,-4.1744,-0.003356,False,all,corrective,14.44,False,0.0,0.0
3,MRVL,A,LONG,2024-09-20,409.3007916158042,18.00327507126081,2024-09-23,409.5054420116121,0.1816,391.5022,12.4,1238.59,2024-10-04,463.2835,TP,10,9.7673,1.0,8.7673,0.007078,True,all,trending,30.21,True,0.0,0.0
4,MRVL,A,LONG,2024-10-07,484.556893464607,18.801262102712922,2024-10-08,484.7991719113393,0.1544,465.9979,12.47,1246.35,2024-10-08,465.7649,SL,1,-2.9384,1.0,-3.9384,-0.00316,False,all,corrective,22.96,False,0.0,0.0
5,MRVL,A,LONG,2024-10-14,490.05558476123116,20.35757778565588,2024-10-15,490.30061255361176,0.152,469.943,12.42,1241.41,2024-10-16,469.7081,SL,2,-3.1309,1.0,-4.1309,-0.003328,False,all,corrective,21.41,False,0.0,0.0
6,MRVL,A,LONG,2024-10-31,506.73156496554924,23.92289675386741,2024-11-01,506.984930748032,0.1464,483.062,12.37,1236.28,2024-11-04,482.8205,SL,2,-3.5384,1.0,-4.5384,-0.003671,False,all,trending,36.58,True,0.0,0.0
7,MRVL,A,LONG,2024-11-05,528.0818439406298,25.01981819149679,2024-11-06,528.3458848626001,0.1399,503.3261,12.32,1230.74,2024-11-11,503.0744,SL,4,-3.535,1.0,-4.535,-0.003685,False,all,trending,38.29,True,0.0,0.0
8,MRVL,A,LONG,2024-11-19,567.4057527382779,24.9166744642048,2024-11-20,567.689455614647,0.1296,542.7728,12.26,1225.21,2024-12-03,642.1183,TP,10,9.646,1.0,8.646,0.007057,True,all,trending,47.46,True,0.0,0.0
9,MRVL,A,LONG,2025-01-23,680.1633761320685,29.31211473600603,2025-01-24,680.5034578201345,0.1088,651.1913,12.34,1232.86,2025-01-30,768.0556,TP,5,9.5247,1.0,8.5247,0.006915,True,all,corrective,18.13,False,0.0,0.0
10,MRVL,A,LONG,2025-01-31,808.8656500905096,33.24731287798608,2025-02-03,809.2700829155548,0.092,776.0228,12.41,1240.38,2025-02-05,908.5575,TP,3,9.1381,1.0,8.1381,0.006561,True,all,trending,25.96,True,0.0,0.0
11,MRVL,A,LONG,2025-02-21,980.785676783603,40.232928864074935,2025-02-24,981.2760696219947,0.0763,941.0431,12.49,1247.52,2025-03-07,940.5726,SL,10,-3.1073,1.0,-4.1073,-0.003292,False,all,trending,26.07,True,0.0,0.0
12,MRVL,A,LONG,2025-04-21,1113.4386277474061,43.5056733778909,2025-04-22,1113.9953470612797,0.067,1070.4897,12.43,1242.41,2025-04-22,1069.9544,SL,1,-2.9494,1.0,-3.9494,-0.003179,False,all,trending,49.4,True,0.0,0.0
13,MRVL,A,LONG,2025-05-21,1158.31594244412,44.157019928001404,2025-05-22,1158.895100415342,0.0641,1114.7381,12.38,1237.46,2025-05-29,1290.7205,TP,6,8.4526,1.0,7.4526,0.006022,True,all,trending,36.73,True,0.0,0.0
14,MRVL,A,LONG,2025-06-05,1389.8610018941797,57.64044201493313,2025-06-06,1390.5559323951268,0.0537,1332.9155,12.45,1243.91,2025-06-18,1562.6955,TP,9,9.2466,1.0,8.2466,0.00663,True,all,trending,55.67,True,0.0,0.0
15,MRVL,A,LONG,2025-06-20,1603.144414096929,65.5579249577609,2025-06-23,1603.9459863039774,0.0468,1538.3881,12.52,1251.16,2025-07-18,1734.5024,TIME,20,6.1153,1.0,5.1153,0.004088,True,all,trending,69.26,True,0.0,0.0
16,MRVL,A,LONG,2025-07-21,1771.69395208777,70.45168883647463,2025-07-22,1772.5797990638137,0.0425,1702.1281,12.56,1255.28,2025-07-25,1701.277,SL,4,-3.0321,1.0,-4.0321,-0.003212,False,all,trending,25.22,True,0.0,0.0
17,MRVL,A,LONG,2025-08-25,2085.2781729815674,85.70643403563321,2025-08-26,2086.320812068058,0.036,2000.6144,12.51,1250.24,2025-08-27,1999.6141,SL,2,-3.1201,1.0,-4.1201,-0.003295,False,all,corrective,13.95,False,0.0,0.0
18,MRVL,A,LONG,2025-09-18,2167.806057791542,88.92375268637501,2025-09-19,2168.889960820438,0.0345,2079.9662,12.46,1245.12,2025-10-16,2152.743,TIME,20,-0.5566,1.0,-1.5566,-0.00125,False,all,corrective,16.87,False,0.0,0.0
19,MRVL,A,LONG,2025-10-21,2420.1308775030598,97.85404297975327,2025-10-22,2421.340942941811,0.0308,2323.4869,12.44,1242.57,2025-10-24,2322.3252,SL,3,-3.0512,1.0,-4.0512,-0.00326,False,all,trending,25.16,True,0.0,0.0
20,MRVL,A,LONG,2025-10-28,2632.480543823935,109.84603384450378,2025-10-29,2633.7967840958468,0.0282,2523.9508,12.39,1237.52,2025-11-17,2961.8532,TP,14,9.2559,1.0,8.2559,0.006671,True,all,corrective,20.08,False,0.0,0.0
21,MRVL,A,LONG,2025-11-19,3187.909724221125,141.71694770761783,2025-11-20,3189.5036790832355,0.0234,3047.7867,12.46,1244.77,2025-11-27,3046.2628,SL,6,-3.3569,1.0,-4.3569,-0.0035,False,all,corrective,18.25,False,0.0,0.0
22,MRVL,A,LONG,2026-02-19,2824.804793835642,124.71185590951436,2026-02-20,2826.2171962325597,0.0263,2701.5053,12.4,1239.42,2026-02-26,2700.1546,SL,5,-3.3197,1.0,-4.3197,-0.003485,False,all,trending,46.07,True,0.0,0.0
23,MRVL,A,LONG,2026-03-09,2975.3352050124518,132.4668127330449,2026-03-10,2976.8228726149578,0.0249,2844.3561,12.35,1234.1,2026-03-13,2842.9339,SL,4,-3.3331,1.0,-4.3331,-0.003511,False,all,trending,34.01,True,0.0,0.0
1,MSFT,A,LONG,2024-08-15,669.1003174110434,29.56736676581673,2024-08-16,669.4348675697489,0.112,639.8675,12.5,1249.0,2024-09-12,688.112,TIME,20,2.0925,1.0,1.0925,0.000875,True,all,corrective,11.39,False,0.0,0.0
2,MSFT,A,LONG,2024-09-19,748.5122860313052,32.36069716768431,2024-09-20,748.8865421743208,0.1002,716.5258,12.5,1249.09,2024-09-26,716.1676,SL,5,-3.277,1.0,-4.277,-0.003424,False,all,trending,28.65,True,0.0,0.0
3,MSFT,A,LONG,2024-11-28,917.795172479951,40.04147294499771,2024-11-29,918.2540700661909,0.0813,878.2126,12.45,1243.82,2024-12-05,1037.8593,TP,5,9.7284,1.0,8.7284,0.007017,True,all,trending,40.73,True,0.0,0.0
4,MSFT,A,LONG,2024-12-27,1108.0867282871675,43.31843927313494,2024-12-30,1108.640771651311,0.0678,1065.3223,12.53,1251.54,2025-01-03,1237.9768,TP,5,8.7674,1.0,7.7674,0.006206,True,all,corrective,17.53,False,0.0,0.0
5,MSFT,A,LONG,2025-01-20,1292.3434400908266,58.526888354723816,2025-01-21,1292.9896118108718,0.0584,1234.4627,12.59,1258.31,2025-02-17,1256.0518,TIME,20,-2.1585,1.0,-3.1585,-0.00251,False,all,corrective,15.21,False,0.0,0.0
6,MSFT,A,LONG,2025-03-17,1327.7857926347583,62.554872515967546,2025-03-18,1328.4496855310756,0.0567,1265.8948,12.55,1254.15,2025-04-04,1276.6401,EMA50_STRUCT,14,-2.9371,1.0,-3.9371,-0.003139,False,all,trending,33.72,True,0.0,0.0
7,MSFT,A,LONG,2025-05-12,1416.8964475984585,65.51669182324916,2025-05-13,1417.6048958222577,0.0529,1352.0882,12.5,1249.22,2025-05-28,1351.4122,SL,12,-3.5026,1.0,-4.5026,-0.003604,False,all,trending,30.32,True,0.0,0.0
8,MSFT,A,LONG,2025-06-16,1492.2120117225124,65.74453932223551,2025-06-17,1492.9581177283735,0.05,1427.2136,12.45,1243.71,2025-07-14,1594.2406,TIME,20,5.0665,1.0,4.0665,0.00327,True,all,trending,66.69,True,0.0,0.0
9,MSFT,A,LONG,2025-07-15,1653.3121213789036,69.90814393117384,2025-07-16,1654.138777439593,0.0453,1584.2306,12.48,1246.78,2025-08-07,1862.9313,TP,17,9.45,1.0,8.45,0.006777,True,all,trending,32.43,True,0.0,0.0
10,MSFT,A,LONG,2025-08-13,1898.7015876286753,74.3402213360861,2025-08-14,1899.6509384224896,0.0396,1825.3107,12.55,1254.23,2025-08-19,2121.6103,TP,4,8.7998,1.0,7.7998,0.006219,True,all,corrective,16.6,False,0.0,0.0
11,MSFT,A,LONG,2025-08-21,2176.4939032560997,84.07134320783189,2025-08-22,2177.5821502077274,0.0348,2093.5108,12.62,1261.03,2025-09-17,2428.5813,TP,19,8.7281,1.0,7.7281,0.006128,True,all,corrective,14.9,False,0.0,0.0
12,MSFT,A,LONG,2025-09-18,2521.6811237040693,108.20253561147834,2025-09-19,2522.9419642659213,0.0302,2414.7394,12.69,1267.76,2025-09-23,2413.5321,SL,3,-3.3013,1.0,-4.3013,-0.003393,False,all,corrective,16.87,False,0.0,0.0
13,MSFT,A,LONG,2025-09-24,2679.3363517658104,121.30761408554966,2025-09-25,2680.676019941693,0.0283,2559.3684,12.63,1262.46,2025-09-29,2558.0887,SL,3,-3.4667,1.0,-4.4667,-0.003538,False,all,trending,26.57,True,0.0,0.0
1,MU,A,LONG,2024-08-07,299.1114915242509,11.268835627624814,2024-08-08,299.26104727001297,0.2506,287.9922,12.5,1249.0,2024-08-21,332.901,TP,10,8.4308,1.0,7.4308,0.005949,True,all,corrective,11.92,False,0.0,0.0
2,MU,A,LONG,2024-08-28,341.66750925007995,13.537324279487962,2024-08-29,341.83834300470494,0.2205,328.301,12.56,1255.43,2024-09-04,328.1369,SL,5,-3.0216,1.0,-4.0216,-0.003203,False,all,corrective,14.57,False,0.0,0.0
3,MU,A,LONG,2024-09-19,373.50578168129715,15.818857965006753,2024-09-20,373.6925345721378,0.2009,357.8737,12.51,1250.41,2024-09-20,357.6947,SL,1,-3.2144,1.0,-4.2144,-0.00337,False,all,trending,28.65,True,0.0,0.0
4,MU,A,LONG,2024-11-21,357.69269431792327,15.002554230434718,2024-11-22,357.8715406650822,0.2089,342.869,12.46,1245.19,2024-12-06,402.6778,TP,11,9.3616,1.0,8.3616,0.006715,True,all,trending,48.5,True,0.0,0.0
5,MU,A,LONG,2024-12-17,418.47484533417213,16.945903612672463,2024-12-18,418.6840827568392,0.1796,401.7382,12.54,1252.56,2024-12-19,401.5373,SL,2,-3.0803,1.0,-4.0803,-0.003258,False,all,corrective,24.25,False,0.0,0.0
6,MU,A,LONG,2025-02-18,416.40318737551326,17.131129988169548,2025-02-19,416.611388969201,0.1798,399.4803,12.48,1247.48,2025-02-20,399.2805,SL,2,-3.1162,1.0,-4.1162,-0.0033,False,all,corrective,24.27,False,0.0,0.0
7,MU,A,LONG,2025-02-24,423.6732857774595,17.07524492663483,2025-02-25,423.88512242034824,0.176,406.8099,12.43,1242.36,2025-03-11,474.8733,TP,11,8.9737,1.0,7.9737,0.006418,True,all,trending,26.13,True,0.0,0.0
8,MU,A,LONG,2025-03-13,504.58310495712186,21.509006337420253,2025-03-14,504.8353965096004,0.1486,483.3264,12.5,1249.33,2025-04-08,483.0847,SL,18,-3.2322,1.0,-4.2322,-0.003388,False,all,trending,35.16,True,0.0,0.0
9,MU,A,LONG,2025-05-08,536.044329143323,22.754062893826763,2025-05-09,536.3123513078947,0.1393,513.5583,12.45,1244.1,2025-05-14,513.3015,SL,4,-3.2053,1.0,-4.2053,-0.00338,False,all,trending,33.35,True,0.0,0.0
10,MU,A,LONG,2025-05-26,563.9884200804761,23.21635741747831,2025-05-27,564.2704142905163,0.1318,541.0541,12.4,1238.9,2025-05-27,540.7835,SL,1,-3.0965,1.0,-4.0965,-0.003307,False,all,trending,43.15,True,0.0,0.0
11,MU,A,LONG,2025-06-16,650.7358353066223,28.609401129623947,2025-06-17,651.0612032242756,0.1138,622.4518,12.35,1233.8,2025-07-03,736.521,TP,13,9.725,1.0,8.725,0.007072,True,all,trending,66.69,True,0.0,0.0
12,MU,A,LONG,2025-07-04,767.5337604095388,31.568482683434024,2025-07-07,767.9175272897435,0.0971,736.349,12.43,1241.52,2025-07-08,735.9809,SL,2,-3.1005,1.0,-4.1005,-0.003303,False,all,trending,47.64,True,0.0,0.0
13,MU,A,LONG,2025-07-09,794.2778483133791,32.70572933565915,2025-07-10,794.6749872375357,0.0934,761.9693,12.37,1236.42,2025-07-15,761.5883,SL,4,-3.0912,1.0,-4.0912,-0.003309,False,all,trending,40.31,True,0.0,0.0
14,MU,A,LONG,2025-07-29,833.2577348125809,32.35805303624722,2025-07-30,833.6743636799871,0.0887,801.3163,12.32,1231.33,2025-08-05,800.9157,SL,5,-2.9054,1.0,-3.9054,-0.003172,False,all,corrective,21.68,False,0.0,0.0
15,MU,A,LONG,2025-08-07,855.9676892010744,33.84528991805637,2025-08-08,856.3956730456749,0.086,822.5504,12.27,1226.43,2025-08-14,822.1391,SL,5,-2.9459,1.0,-3.9459,-0.003217,False,all,corrective,19.91,False,0.0,0.0
16,MU,A,LONG,2025-08-20,877.9512406646809,36.01280327351896,2025-08-21,878.3902162850131,0.0835,842.3774,12.22,1221.48,2025-08-21,841.9562,SL,1,-3.0424,1.0,-4.0424,-0.003309,False,all,corrective,15.46,False,0.0,0.0
17,MU,A,LONG,2025-08-25,926.694921261004,39.42637075953435,2025-08-26,927.1582687216344,0.0788,887.7319,12.17,1216.44,2025-09-01,887.288,SL,5,-3.1412,1.0,-4.1412,-0.003404,False,all,corrective,13.95,False,0.0,0.0
18,MU,A,LONG,2025-11-19,821.0628979432129,33.73182085295975,2025-11-20,821.4734293921845,0.0885,787.7416,12.12,1211.3,2025-11-21,787.3477,SL,2,-3.0217,1.0,-4.0217,-0.00332,False,all,corrective,18.25,False,0.0,0.0
19,MU,A,LONG,2026-02-03,667.512331870836,32.0994029995155,2026-02-04,667.8460880367713,0.1085,635.7467,12.07,1206.28,2026-02-13,763.7622,TP,8,10.4033,1.0,9.4033,0.007795,True,all,trending,39.96,True,0.0,0.0
20,MU,A,LONG,2026-02-17,833.9263036437359,36.174688435206185,2026-02-18,834.3432667955577,0.0874,798.1686,12.16,1214.68,2026-02-24,797.7695,SL,5,-3.1974,1.0,-4.1974,-0.003456,False,all,trending,44.62,True,0.0,0.0
1,NOW,A,LONG,2024-08-02,356.2038337076871,13.826563650155206,2024-08-05,356.381935624541,0.2104,342.5554,12.5,1249.0,2024-08-21,397.6627,TP,13,8.6875,1.0,7.6875,0.006155,True,all,corrective,13.7,False,0.0,0.0
2,NOW,A,LONG,2024-09-26,437.38225493616704,18.126032942354737,2024-09-27,437.6009460636351,0.1723,419.4749,12.57,1255.69,2024-10-24,468.6614,TIME,20,5.3519,1.0,4.3519,0.003466,True,all,trending,30.52,True,0.0,0.0
3,NOW,A,LONG,2024-12-02,513.2306831833367,24.62863095228154,2024-12-03,513.4872985249284,0.1472,488.8587,12.6,1259.04,2024-12-09,488.6142,SL,5,-3.6621,1.0,-4.6621,-0.003703,False,all,trending,37.63,True,0.0,0.0
4,NOW,A,LONG,2025-01-07,536.1775418657509,22.474360956592964,2025-01-08,536.4456306366837,0.1403,513.9713,12.54,1253.38,2025-01-14,603.5668,TP,5,9.417,1.0,8.417,0.006715,True,all,corrective,13.64,False,0.0,0.0
5,NOW,A,LONG,2025-02-03,644.3840085932765,29.182054779915035,2025-02-04,644.7062005975731,0.1174,615.5241,12.62,1260.79,2025-02-20,731.8862,TP,13,10.2375,1.0,9.2375,0.007327,True,all,trending,28.13,True,0.0,0.0
6,NOW,A,LONG,2025-02-28,784.3125861327063,35.13390686923381,2025-03-03,784.7047424257727,0.0971,749.5708,12.7,1269.03,2025-03-05,749.1961,SL,3,-3.4482,1.0,-4.4482,-0.003505,False,all,trending,32.75,True,0.0,0.0
7,NOW,A,LONG,2025-03-07,840.0768061411576,37.173819399194464,2025-03-10,840.4968445442281,0.0903,803.323,12.65,1263.58,2025-03-11,802.9214,SL,2,-3.3921,1.0,-4.3921,-0.003476,False,all,trending,36.87,True,0.0,0.0
8,NOW,A,LONG,2025-04-07,887.8232736270134,38.06035983362445,2025-04-08,888.2671852638268,0.0851,850.2068,12.59,1258.19,2025-04-11,849.7817,SL,4,-3.2734,1.0,-4.2734,-0.003396,False,all,trending,41.85,True,0.0,0.0
9,NOW,A,LONG,2025-04-18,975.1271317740059,45.91878149403299,2025-04-21,975.6146953398928,0.0771,929.6959,12.54,1252.92,2025-04-30,1112.8144,TP,8,10.5802,1.0,9.5802,0.007646,True,all,trending,49.4,True,0.0,0.0
10,NOW,A,LONG,2025-05-01,1229.6898755314292,51.077932487331736,2025-05-02,1230.3047204691948,0.0616,1179.2268,12.62,1261.5,2025-05-05,1178.6372,SL,2,-3.1812,1.0,-4.1812,-0.003314,False,all,trending,44.68,True,0.0,0.0
11,NOW,A,LONG,2025-07-04,1157.6206270926746,48.54635837098631,2025-07-07,1158.1994374062208,0.0651,1109.6531,12.57,1256.32,2025-07-29,1303.1866,TP,17,9.4437,1.0,8.4437,0.006721,True,all,trending,47.64,True,0.0,0.0
12,NOW,A,LONG,2025-11-27,1259.5651894891828,47.84668842722874,2025-11-28,1260.1949720839273,0.0602,1212.3483,12.65,1263.76,2025-12-03,1403.0332,TP,4,8.6013,1.0,7.6013,0.006015,True,all,corrective,24.23,False,0.0,0.0
13,NOW,A,LONG,2025-12-11,1511.3854928031672,61.02685404862717,2025-12-12,1512.1411855495687,0.0504,1451.1143,12.71,1270.36,2025-12-25,1450.3888,SL,10,-3.1152,1.0,-4.1152,-0.003239,False,all,corrective,22.22,False,0.0,0.0
14,NOW,A,LONG,2026-01-06,1627.0030579267757,64.27878832810927,2026-01-07,1627.816559455739,0.0467,1563.5378,12.66,1265.25,2026-01-12,1819.7426,TP,4,8.9577,1.0,7.9577,0.006289,True,all,trending,29.31,True,0.0,0.0
15,NOW,A,LONG,2026-01-15,2016.375833514552,76.68266404403408,2026-01-16,2017.384021431309,0.0379,1940.7014,12.73,1272.2,2026-01-21,2246.3083,TP,4,8.6687,1.0,7.6687,0.006028,True,all,trending,38.01,True,0.0,0.0
16,NOW,A,LONG,2026-01-22,2355.1618173883817,88.82352934847248,2026-01-23,2356.3393982970756,0.0326,2267.5159,12.8,1278.87,2026-01-28,2621.4986,TP,4,8.6415,1.0,7.6415,0.005975,True,all,trending,38.24,True,0.0,0.0
17,NOW,A,LONG,2026-02-06,2702.1319283816188,108.08449433101534,2026-02-09,2703.4829943458094,0.0286,2595.3985,12.87,1285.51,2026-02-09,2594.1008,SL,1,-3.1231,1.0,-4.1231,-0.003207,False,all,trending,39.15,True,0.0,0.0
18,NOW,A,LONG,2026-02-25,2881.216730436617,117.69005777547696,2026-02-26,2882.657338801835,0.0267,2764.9673,12.81,1280.39,2026-03-19,3082.3692,EOB,16,5.3265,1.0,4.3265,0.003379,True,all,trending,50.21,True,0.0,0.0
1,NVDA,A,LONG,2024-08-02,1122.1707686650855,45.98250340511417,2024-08-05,1122.731854049418,0.0668,1076.7494,12.5,1249.0,2024-08-05,1076.211,SL,1,-3.1077,1.0,-4.1077,-0.003289,False,all,corrective,13.7,False,0.0,0.0
2,NVDA,A,LONG,2024-09-12,1145.3638037435107,50.62772310417926,2024-09-13,1145.9364856453824,0.0652,1095.3088,12.45,1243.89,2024-10-07,1297.1707,TP,17,9.8576,1.0,8.8576,0.007121,True,all,corrective,24.04,False,0.0,0.0
3,NVDA,A,LONG,2024-10-08,1363.2194843764885,54.521393354378105,2024-10-09,1363.9010941186766,0.0551,1309.3797,12.53,1251.75,2024-10-25,1526.7015,TP,13,8.972,1.0,7.972,0.006369,True,all,corrective,22.46,False,0.0,0.0
4,NVDA,A,LONG,2024-10-31,1617.6480533467554,62.03752699636325,2024-11-01,1618.4568773734288,0.0467,1556.4194,12.6,1258.72,2024-11-01,1555.6411,SL,1,-2.9335,1.0,-3.9335,-0.003125,False,all,trending,36.58,True,0.0,0.0
5,NVDA,A,LONG,2024-11-21,1668.7697855406318,66.65789930205094,2024-11-22,1669.604170433402,0.0451,1602.9463,12.55,1253.79,2024-11-27,1868.6431,TP,4,8.9752,1.0,7.9752,0.006361,True,all,trending,48.5,True,0.0,0.0
6,NVDA,A,LONG,2024-11-28,1927.7892877880183,75.41973820495897,2024-11-29,1928.7531824319121,0.0393,1853.3334,12.62,1260.76,2024-12-13,1852.4068,SL,11,-2.9967,1.0,-3.9967,-0.00317,False,all,trending,40.73,True,0.0,0.0
7,NVDA,A,LONG,2024-12-31,2154.4220626429133,88.59507415068579,2025-01-01,2155.4992736742347,0.035,2066.9042,12.57,1255.77,2025-01-03,2065.8707,SL,3,-3.1355,1.0,-4.1355,-0.003293,False,all,corrective,16.54,False,0.0,0.0
8,NVDA,A,LONG,2025-01-22,2258.9118260278965,94.91230089948694,2025-01-23,2260.0412819409103,0.0332,2165.129,12.52,1250.63,2025-01-27,2164.0464,SL,3,-3.1898,1.0,-4.1898,-0.00335,False,all,corrective,16.4,False,0.0,0.0
9,NVDA,A,LONG,2025-03-12,2349.0085930118207,87.28769790227882,2025-03-13,2350.1830973083265,0.0318,2262.8954,12.46,1245.44,2025-03-18,2261.764,SL,4,-2.8136,1.0,-3.8136,-0.003062,False,all,trending,35.57,True,0.0,0.0
10,NVDA,A,LONG,2025-04-02,2645.2568837207637,106.40839308744191,2025-04-03,2646.579512162624,0.0281,2540.1711,12.42,1240.63,2025-04-16,2964.3218,TP,10,8.944,1.0,7.944,0.006403,True,all,trending,39.35,True,0.0,0.0
11,NVDA,A,LONG,2025-05-12,3167.6201572394984,121.99852110763462,2025-05-13,3169.203967318118,0.0236,3047.2054,12.49,1247.57,2025-05-29,3533.4319,TP,13,8.6097,1.0,7.6097,0.0061,True,all,trending,30.32,True,0.0,0.0
12,NVDA,A,LONG,2025-05-30,3726.6036700775494,141.08382044856822,2025-06-02,3728.466971912588,0.0202,3587.3832,12.55,1254.18,2025-06-04,3585.5895,SL,3,-2.886,1.0,-3.886,-0.003098,False,all,trending,48.4,True,0.0,0.0
13,NVDA,A,LONG,2025-07-01,3844.2572079251127,151.03818435203416,2025-07-02,3846.179336529075,0.0195,3695.1412,12.5,1249.3,2025-07-07,3693.2936,SL,4,-2.982,1.0,-3.982,-0.003187,False,all,trending,57.49,True,0.0,0.0
14,NVDA,A,LONG,2025-07-09,4054.416647543589,159.38049692435138,2025-07-10,4056.4438558673605,0.0184,3897.0634,12.45,1244.31,2025-07-10,3895.1148,SL,1,-2.9716,1.0,-3.9716,-0.003192,False,all,trending,40.31,True,0.0,0.0
15,NVDA,A,LONG,2025-07-14,4209.165873222281,177.6134452171078,2025-07-15,4211.270456158893,0.0177,4033.657,12.4,1239.34,2025-07-24,4741.7387,TP,8,9.3743,1.0,8.3743,0.006757,True,all,trending,34.49,True,0.0,0.0
16,NVDA,A,LONG,2025-07-25,4966.287953498936,201.02773861288847,2025-07-28,4968.771097475686,0.0151,4767.7434,12.48,1246.72,2025-07-28,4765.3595,SL,1,-3.0647,1.0,-4.0647,-0.00326,False,all,corrective,20.45,False,0.0,0.0
17,NVDA,A,LONG,2025-08-22,5419.896883187252,244.96818287113717,2025-08-25,5422.606831628845,0.0137,5177.6386,12.43,1241.65,2025-09-03,6154.4326,TP,8,10.0624,1.0,9.0624,0.007299,True,all,corrective,13.86,False,0.0,0.0
18,NVDA,A,LONG,2025-09-12,6403.3511596768085,266.1019118048277,2025-09-15,6406.552835256646,0.0117,6140.4509,12.51,1249.71,2025-09-18,7201.2561,TP,4,9.3087,1.0,8.3087,0.006648,True,all,corrective,12.74,False,0.0,0.0
19,NVDA,A,LONG,2025-09-19,7324.216242945301,283.8417016424553,2025-09-22,7327.878351066774,0.0103,7044.0366,12.58,1257.02,2025-09-22,7040.5146,SL,1,-2.96,1.0,-3.96,-0.00315,False,all,corrective,18.42,False,0.0,0.0
20,NVDA,A,LONG,2025-11-18,7208.673636270094,347.4212605069578,2025-11-19,7212.2779730882285,0.0104,6864.8567,12.53,1252.06,2025-12-01,8250.4145,TP,9,10.822,1.0,9.822,0.007845,True,all,corrective,19.07,False,0.0,0.0
21,NVDA,A,LONG,2025-12-02,8439.86785687942,344.27075382045604,2025-12-03,8444.08779080786,0.01,8099.817,12.62,1260.88,2025-12-12,8095.7671,SL,8,-3.4832,1.0,-4.4832,-0.003556,False,all,trending,26.41,True,0.0,0.0
22,NVDA,A,LONG,2025-12-23,8822.536039631814,384.62393120869945,2025-12-24,8826.94730765163,0.01,8442.3234,12.56,1255.4,2025-12-25,8438.1022,SL,2,-3.8885,1.0,-4.8885,-0.003894,False,all,corrective,23.9,False,0.0,0.0
23,NVDA,A,LONG,2026-01-20,9159.930273460559,404.54078387462937,2026-01-21,9164.51023859729,0.01,8759.9695,12.51,1249.51,2026-01-30,10372.9435,TP,8,12.0843,1.0,11.0843,0.008871,True,all,trending,36.76,True,0.0,0.0
24,NVDA,A,LONG,2026-03-11,10158.444728964952,447.3154981409707,2026-03-12,10163.523951329435,0.01,9716.2085,12.61,1259.6,2026-03-12,9711.3503,SL,1,-4.5217,1.0,-5.5217,-0.004384,False,all,trending,30.76,True,0.0,0.0
25,NVDA,A,LONG,2026-03-17,10310.026477970812,449.70303340827974,2026-03-18,10315.181491209798,0.01,9865.4785,12.54,1253.08,2026-03-18,9860.5457,SL,1,-4.5464,1.0,-5.5464,-0.004426,False,all,trending,31.24,True,0.0,0.0
1,PANW,A,LONG,2024-08-20,267.07303871948704,11.992420400062246,2024-08-21,267.20657523884677,0.2807,255.2142,12.5,1249.0,2024-09-06,303.0322,TP,13,10.0556,1.0,9.0556,0.00725,True,all,corrective,11.91,False,0.0,0.0
2,PANW,A,LONG,2024-09-09,322.32976019981396,13.182018232527499,2024-09-10,322.49092507991384,0.2341,309.3089,12.58,1257.06,2024-09-10,309.1543,SL,1,-3.1216,1.0,-4.1216,-0.003279,False,all,corrective,20.12,False,0.0,0.0
3,PANW,A,LONG,2024-09-19,333.78958795910995,13.477174318262756,2024-09-20,333.95648275308946,0.2251,320.4793,12.53,1251.93,2024-09-27,320.3191,SL,6,-3.0699,1.0,-4.0699,-0.003251,False,all,trending,28.65,True,0.0,0.0
4,PANW,A,LONG,2024-10-04,348.04971118971315,15.77730260184933,2024-10-07,348.223736045308,0.215,332.4464,12.48,1246.86,2024-11-01,351.537,TIME,20,0.7124,1.0,-0.2876,-0.000231,False,all,corrective,23.56,False,0.0,0.0
5,PANW,A,LONG,2024-11-12,402.76775766472406,16.57507111787091,2024-11-13,402.9691415435564,0.1856,386.3941,12.47,1245.58,2024-11-14,386.2009,SL,2,-3.1123,1.0,-4.1123,-0.003302,False,all,trending,39.94,True,0.0,0.0
6,PANW,A,LONG,2024-11-19,436.28842750480544,18.79395167926885,2024-11-20,436.50657171855784,0.1706,417.7126,12.41,1240.46,2024-11-22,492.642,TP,3,9.5793,1.0,8.5793,0.006916,True,all,trending,47.46,True,0.0,0.0
7,PANW,A,LONG,2024-11-26,508.6759535132584,20.29929111003158,2024-11-27,508.93029149001495,0.1473,488.631,12.49,1248.04,2024-11-28,569.5433,TP,2,8.9256,1.0,7.9256,0.00635,True,all,trending,44.09,True,0.0,0.0
8,PANW,A,LONG,2024-11-29,589.031980495002,23.0643998436724,2024-12-02,589.3264964852494,0.1279,566.2621,12.56,1254.97,2024-12-02,565.979,SL,1,-2.9855,1.0,-3.9855,-0.003176,False,all,trending,39.29,True,0.0,0.0
9,PANW,A,LONG,2024-12-03,596.0772674505582,25.661326486700027,2024-12-04,596.3753060842835,0.1259,570.714,12.51,1249.98,2024-12-10,570.4286,SL,5,-3.2656,1.0,-4.2656,-0.003413,False,all,trending,36.24,True,0.0,0.0
10,PANW,A,LONG,2025-01-20,567.6145288839808,24.901330024070422,2025-01-21,567.8983361484228,0.1316,542.997,12.46,1244.72,2025-01-30,542.7255,SL,8,-3.3131,1.0,-4.3131,-0.003465,False,all,corrective,15.21,False,0.0,0.0
11,PANW,A,LONG,2025-02-06,607.139283012948,25.400403697766922,2025-02-07,607.4428526544544,0.1225,582.0424,12.4,1239.4,2025-02-07,581.7514,SL,1,-3.1477,1.0,-4.1477,-0.003347,False,all,trending,27.84,True,0.0,0.0
12,PANW,A,LONG,2025-02-24,630.3161421513622,24.481199799888792,2025-02-25,630.6313002224379,0.1175,606.1501,12.35,1234.26,2025-03-13,605.847,SL,13,-2.9128,1.0,-3.9128,-0.00317,False,all,trending,26.13,True,0.0,0.0
13,PANW,A,LONG,2025-04-21,565.6152514599797,25.037125416560087,2025-04-22,565.8980590857097,0.1304,540.8609,12.3,1229.34,2025-05-05,640.6889,TP,10,9.7564,1.0,8.7564,0.007123,True,all,trending,49.4,True,0.0,0.0
14,PANW,A,LONG,2025-05-14,669.9859794475826,24.430137482837218,2025-05-15,670.3209724373064,0.1108,645.8908,12.38,1237.1,2025-05-22,743.2396,TP,6,8.081,1.0,7.081,0.005724,True,all,trending,30.2,True,0.0,0.0
15,PANW,A,LONG,2025-05-26,767.7402434195023,29.92119180301184,2025-05-27,768.1241135412121,0.0972,738.2029,12.44,1243.18,2025-06-12,857.4587,TP,13,8.6821,1.0,7.6821,0.006179,True,all,trending,43.15,True,0.0,0.0
16,PANW,A,LONG,2025-06-13,901.1396081049442,35.12365818298418,2025-06-16,901.5901779089966,0.0832,866.4665,12.51,1249.86,2025-07-11,939.9542,TIME,20,3.1936,1.0,2.1936,0.001755,True,all,trending,65.08,True,0.0,0.0
17,PANW,A,LONG,2025-07-15,1014.0417739278018,40.84088365058619,2025-07-16,1014.5487948147656,0.074,973.7079,12.52,1251.06,2025-07-17,1136.5029,TP,2,9.0302,1.0,8.0302,0.006419,True,all,trending,32.43,True,0.0,0.0
18,PANW,A,LONG,2025-07-18,1189.3185542441684,46.29047410061339,2025-07-21,1189.9132135212903,0.0635,1143.6227,12.59,1258.09,2025-08-15,1301.5787,TIME,20,7.0894,1.0,6.0894,0.00484,True,all,trending,26.59,True,0.0,0.0
19,PANW,A,LONG,2025-10-17,1293.192058400363,54.581752159514025,2025-10-20,1293.8386544295631,0.0586,1239.2569,12.64,1263.18,2025-11-03,1456.8551,TP,11,9.5568,1.0,8.5568,0.006774,True,all,trending,28.57,True,0.0,0.0
20,PANW,A,LONG,2025-11-06,1497.461515377671,62.633941605144955,2025-11-07,1498.2102461353597,0.0509,1435.5763,12.72,1270.73,2025-12-02,1434.8585,SL,18,-3.2265,1.0,-4.2265,-0.003326,False,all,corrective,19.27,False,0.0,0.0
21,PANW,A,LONG,2026-01-28,1528.0509582077714,62.59135012937182,2026-01-29,1528.8149836868752,0.0497,1466.2236,12.67,1265.51,2026-02-11,1465.4905,SL,10,-3.1476,1.0,-4.1476,-0.003277,False,all,trending,40.95,True,0.0,0.0
1,QQQ,A,LONG,2024-08-26,782.1527344076735,31.187762796724705,2024-08-27,782.5438107748773,0.0958,751.356,12.5,1249.0,2024-09-02,750.9804,SL,5,-3.0251,1.0,-4.0251,-0.003223,False,all,corrective,14.21,False,0.0,0.0
2,QQQ,A,LONG,2024-11-21,662.3240571614433,30.728552050189972,2024-11-22,662.655219190024,0.1127,631.9267,12.45,1243.97,2024-12-05,754.4635,TP,10,10.3492,1.0,9.3492,0.007516,True,all,trending,48.5,True,0.0,0.0
3,QQQ,A,LONG,2024-12-16,799.32845893737,34.30732504770442,2024-12-17,799.7281231668386,0.094,765.4208,12.53,1252.32,2025-01-02,902.1988,TP,13,9.6354,1.0,8.6354,0.006896,True,all,trending,25.51,True,0.0,0.0
4,QQQ,A,LONG,2025-01-06,943.5357927028241,36.78560775949115,2025-01-07,944.0075605991755,0.0801,907.222,12.61,1259.96,2025-01-13,906.7683,SL,5,-2.9845,1.0,-3.9845,-0.003162,False,all,corrective,14.47,False,0.0,0.0
5,QQQ,A,LONG,2025-01-28,982.3471433433779,38.03082227308583,2025-01-29,982.8383169150495,0.0767,944.8075,12.56,1254.98,2025-01-30,944.3351,SL,2,-2.9522,1.0,-3.9522,-0.003149,False,all,corrective,20.43,False,0.0,0.0
6,QQQ,A,LONG,2025-02-10,1025.6778627091635,40.76725579855656,2025-02-11,1026.190701640518,0.0731,985.4234,12.51,1250.02,2025-03-10,1116.6438,TIME,20,6.6162,1.0,5.6162,0.004493,True,all,corrective,24.31,False,0.0,0.0
7,QQQ,A,LONG,2025-03-11,1170.3657035088115,44.60433580510367,2025-03-12,1170.9508863605658,0.0643,1126.3466,12.56,1254.64,2025-03-21,1125.7834,SL,8,-2.9061,1.0,-3.9061,-0.003113,False,all,trending,36.52,True,0.0,0.0
8,QQQ,A,LONG,2025-04-24,1270.105170262833,51.97045122076135,2025-04-25,1270.7402228479643,0.0591,1218.7698,12.51,1249.73,2025-04-25,1218.1604,SL,1,-3.1051,1.0,-4.1051,-0.003285,False,all,trending,47.39,True,0.0,0.0
9,QQQ,A,LONG,2025-04-28,1290.8550507151378,53.42317329011905,2025-04-29,1291.5004782404953,0.0579,1238.0773,12.46,1244.63,2025-05-05,1451.0441,TP,5,9.2326,1.0,8.2326,0.006615,True,all,trending,46.65,True,0.0,0.0
10,QQQ,A,LONG,2025-05-08,1579.7164024014485,62.65245993962735,2025-05-09,1580.506260602649,0.0476,1517.8538,12.53,1251.86,2025-05-09,1517.0949,SL,1,-3.016,1.0,-4.016,-0.003208,False,all,trending,33.35,True,0.0,0.0
11,QQQ,A,LONG,2025-05-20,1643.1486396531304,67.61648646974552,2025-05-21,1643.9702139729568,0.0455,1576.3537,12.48,1246.84,2025-05-21,1575.5656,SL,1,-3.1153,1.0,-4.1153,-0.003301,False,all,trending,34.47,True,0.0,0.0
12,QQQ,A,LONG,2025-05-30,1701.3452184270552,70.18606309010289,2025-06-02,1702.1958910362687,0.0438,1632.0098,12.43,1241.73,2025-06-17,1911.7977,TP,12,9.1815,1.0,8.1815,0.006589,True,all,trending,48.4,True,0.0,0.0
13,QQQ,A,LONG,2025-07-28,1851.1434588860639,81.9603101810679,2025-07-29,1852.0690306155068,0.0405,1770.1087,12.5,1248.91,2025-08-08,2096.901,TP,9,9.9138,1.0,8.9138,0.007137,True,all,corrective,21.04,False,0.0,0.0
14,QQQ,A,LONG,2025-08-15,2239.1804563060546,91.06468286469321,2025-08-18,2240.3000465342075,0.0337,2149.2354,12.58,1256.82,2025-08-19,2148.1607,SL,2,-3.1039,1.0,-4.1039,-0.003265,False,all,corrective,15.54,False,0.0,0.0
15,QQQ,A,LONG,2025-08-29,2331.5110153043,101.74321940384011,2025-09-01,2332.6767708119523,0.0322,2230.9336,12.53,1251.72,2025-09-15,2229.8181,SL,11,-3.3143,1.0,-4.3143,-0.003447,False,all,corrective,13.73,False,0.0,0.0
16,QQQ,A,LONG,2025-11-12,1907.3167601378066,86.1679100454104,2025-11-13,1908.2704185178754,0.0392,1822.1025,12.47,1246.41,2025-11-13,1833.3844,EMA50_STRUCT,1,-2.9371,1.0,-3.9371,-0.003159,False,all,corrective,21.08,False,0.0,0.0
17,QQQ,A,LONG,2025-12-05,1968.3817426766286,85.80256189307725,2025-12-08,1969.3659335479667,0.0379,1883.5634,12.42,1241.47,2025-12-09,1882.6216,SL,2,-3.2836,1.0,-4.2836,-0.00345,False,all,corrective,24.19,False,0.0,0.0
1,SPY,A,LONG,2024-09-03,319.34173665713195,14.023589134566857,2024-09-04,319.5014075254605,0.2347,305.4778,12.5,1249.0,2024-09-06,305.3251,SL,3,-3.3278,1.0,-4.3278,-0.003465,False,all,corrective,15.92,False,0.0,0.0
2,SPY,A,LONG,2024-09-09,339.4457866656103,14.864456339005605,2024-09-10,339.6155095589431,0.2199,324.7511,12.45,1243.67,2024-09-30,324.5887,SL,15,-3.3044,1.0,-4.3044,-0.003461,False,all,corrective,20.12,False,0.0,0.0
3,SPY,A,LONG,2024-10-25,405.3531400959328,15.216036232866026,2024-10-28,405.5558166659808,0.1834,390.3398,12.39,1238.37,2024-11-11,450.9783,TP,11,8.3286,1.0,7.3286,0.005918,True,all,trending,27.88,True,0.0,0.0
4,SPY,A,LONG,2024-11-12,491.1039812091592,18.376188318065626,2024-11-13,491.34953319976375,0.1521,472.9733,12.46,1244.7,2024-11-28,472.7369,SL,12,-2.8313,1.0,-3.8313,-0.003078,False,all,trending,39.94,True,0.0,0.0
5,SPY,A,LONG,2025-01-22,496.51955763122186,21.394943706274955,2025-01-23,496.7678174100374,0.1499,475.3729,12.41,1239.87,2025-01-31,560.6722,TP,7,9.5775,1.0,8.5775,0.006918,True,all,corrective,16.4,False,0.0,0.0
6,SPY,A,LONG,2025-02-18,598.0421188614118,26.672573299571347,2025-02-19,598.3411399208425,0.1252,571.6686,12.48,1247.44,2025-02-20,571.3827,SL,2,-3.3749,1.0,-4.3749,-0.003507,False,all,corrective,24.27,False,0.0,0.0
7,SPY,A,LONG,2025-02-26,646.0059517161093,28.59166058026526,2025-02-27,646.3289546919673,0.1154,617.7373,12.43,1242.07,2025-03-26,687.839,TIME,20,4.7901,1.0,3.7901,0.003051,True,all,trending,28.31,True,0.0,0.0
8,SPY,A,LONG,2025-03-28,730.3457259196377,29.298195898033633,2025-03-31,730.7108987825975,0.1023,701.4127,12.46,1244.86,2025-04-14,818.1962,TP,11,8.9497,1.0,7.9497,0.006386,True,all,trending,33.72,True,0.0,0.0
9,SPY,A,LONG,2025-04-15,916.1853717682228,37.77649816703288,2025-04-16,916.6434644541068,0.082,878.867,12.53,1251.81,2025-04-22,878.4275,SL,5,-3.1339,1.0,-4.1339,-0.003302,False,all,trending,44.57,True,0.0,0.0
10,SPY,A,LONG,2025-05-14,1007.0398244514139,43.64569143342136,2025-05-15,1007.5433443636396,0.0743,963.8977,12.48,1246.67,2025-05-21,1137.9112,TP,5,9.6863,1.0,8.6863,0.006968,True,all,trending,30.2,True,0.0,0.0
11,SPY,A,LONG,2025-05-22,1190.502711489449,47.955615423503666,2025-05-23,1191.0979628451937,0.0632,1143.1423,12.55,1254.36,2025-06-02,1334.2973,TP,7,9.0555,1.0,8.0555,0.006422,True,all,trending,39.0,True,0.0,0.0
12,SPY,A,LONG,2025-06-03,1482.2111688513487,56.14033777134452,2025-06-04,1482.9522744357744,0.0511,1426.8119,12.62,1261.42,2025-06-16,1650.5476,TP,9,8.5603,1.0,7.5603,0.005993,True,all,trending,52.11,True,0.0,0.0
13,SPY,A,LONG,2025-06-19,1746.1021748769388,64.63626970054008,2025-06-20,1746.9752259643772,0.0436,1682.339,12.69,1267.98,2025-06-20,1681.4978,SL,1,-2.8537,1.0,-3.8537,-0.003039,False,all,trending,69.2,True,0.0,0.0
14,SPY,A,LONG,2025-09-17,1662.1122728992086,61.51187996114438,2025-09-18,1662.943329035658,0.0456,1601.4314,12.64,1263.12,2025-09-19,1600.6307,SL,2,-2.8421,1.0,-3.8421,-0.003042,False,all,corrective,15.83,False,0.0,0.0
15,SPY,A,LONG,2025-09-22,1746.8635371306416,66.86880009557196,2025-09-23,1747.7369688992069,0.0432,1680.8682,12.59,1258.28,2025-10-08,1947.3692,TP,12,8.6303,1.0,7.6303,0.006064,True,all,corrective,20.45,False,0.0,0.0
16,SPY,A,LONG,2025-11-20,1880.0404847555892,81.1220655692846,2025-11-21,1880.9805049979668,0.0404,1799.8584,12.66,1264.91,2025-11-27,1798.9585,SL,5,-3.3121,1.0,-4.3121,-0.003409,False,all,corrective,19.56,False,0.0,0.0
17,SPY,A,LONG,2025-12-12,2111.1789810362825,96.2554282607887,2025-12-15,2112.2345705268003,0.0358,2015.9791,12.61,1259.6,2025-12-18,2014.9712,SL,4,-3.4829,1.0,-4.4829,-0.003559,False,all,corrective,23.46,False,0.0,0.0
18,SPY,A,LONG,2026-01-01,2186.756476456033,90.90464441543185,2026-01-02,2187.849854694261,0.0344,2096.9452,12.55,1254.12,2026-01-14,2459.3335,TP,9,9.3446,1.0,8.3446,0.006654,True,all,trending,25.52,True,0.0,0.0
19,SPY,A,LONG,2026-01-22,2571.7325189725434,104.8952327692477,2026-01-23,2573.0183852320297,0.0294,2468.1232,12.62,1261.46,2026-01-30,2466.8891,SL,6,-3.1244,1.0,-4.1244,-0.00327,False,all,trending,38.24,True,0.0,0.0
20,SPY,A,LONG,2026-02-12,2635.068308144757,99.81299094911762,2026-02-13,2636.385842298829,0.0286,2536.5729,12.57,1256.34,2026-02-19,2934.3569,TP,5,8.5264,1.0,7.5264,0.005991,True,all,trending,40.46,True,0.0,0.0
21,SPY,A,LONG,2026-02-20,3107.9116425586294,118.07863065023264,2026-02-23,3109.4655983799084,0.0244,2991.387,12.64,1262.86,2026-02-23,2989.8913,SL,1,-2.9161,1.0,-3.9161,-0.003101,False,all,trending,47.45,True,0.0,0.0
1,TSLA,A,LONG,2024-08-06,283.50935931574674,11.092725474916088,2024-08-07,283.6511139954046,0.2644,272.5584,12.5,1249.0,2024-08-26,316.7708,TP,14,8.7572,1.0,7.7572,0.006211,True,all,corrective,12.82,False,0.0,0.0
2,TSLA,A,LONG,2024-09-03,350.0891674488516,14.215666263401175,2024-09-04,350.264212032576,0.2153,336.0485,12.57,1255.76,2024-09-13,392.7148,TP,8,9.1388,1.0,8.1388,0.006481,True,all,corrective,15.92,False,0.0,0.0
3,TSLA,A,LONG,2024-09-16,396.0341642707848,16.070186638304115,2024-09-17,396.2321813529202,0.1914,380.162,12.64,1262.9,2024-09-18,379.9719,SL,2,-3.112,1.0,-4.112,-0.003256,False,all,trending,25.35,True,0.0,0.0
4,TSLA,A,LONG,2024-10-08,409.88490905698796,18.29208120270493,2024-10-09,410.08985151151643,0.1842,391.7978,12.59,1257.78,2024-10-09,391.6019,SL,1,-3.405,1.0,-4.405,-0.003502,False,all,corrective,22.46,False,0.0,0.0
5,TSLA,A,LONG,2024-10-15,442.4105729373571,19.431793348016758,2024-10-16,442.63177822382573,0.1699,423.2,12.53,1252.38,2024-10-18,500.6767,TP,3,9.8618,1.0,8.8618,0.007076,True,all,corrective,21.79,False,0.0,0.0
6,TSLA,A,LONG,2024-10-22,505.29032629187975,20.87472680335026,2024-10-23,505.5429714550257,0.1497,484.6682,12.61,1260.24,2024-10-23,484.4259,SL,1,-3.161,1.0,-4.161,-0.003302,False,all,corrective,24.81,False,0.0,0.0
7,TSLA,A,LONG,2024-10-30,513.6331681066231,21.31467390828495,2024-10-31,513.8899846906763,0.1467,492.5753,12.56,1255.08,2024-11-13,492.329,SL,10,-3.162,1.0,-4.162,-0.003316,False,all,trending,34.83,True,0.0,0.0
8,TSLA,A,LONG,2024-11-21,566.9281677920093,24.85046858741314,2024-11-22,567.2116318759053,0.1323,542.3612,12.51,1249.92,2024-11-27,641.4422,TP,4,9.8224,1.0,8.8224,0.007058,True,all,trending,48.5,True,0.0,0.0
9,TSLA,A,LONG,2024-12-30,705.3003610784837,28.195752540013228,2024-12-31,705.6530112590228,0.107,677.4573,12.59,1257.74,2025-01-01,677.1185,SL,2,-3.054,1.0,-4.054,-0.003223,False,all,corrective,17.07,False,0.0,0.0
10,TSLA,A,LONG,2025-01-02,756.7274869351,31.678734535006633,2025-01-03,757.1058506785675,0.0994,725.4271,12.54,1252.69,2025-01-09,725.0644,SL,5,-3.1834,1.0,-4.1834,-0.00334,False,all,corrective,15.45,False,0.0,0.0
11,TSLA,A,LONG,2025-02-10,800.526994563705,36.41449389286084,2025-02-11,800.9272580609868,0.0935,764.5128,12.49,1247.5,2025-02-18,909.7157,TP,6,10.1749,1.0,9.1749,0.007355,True,all,corrective,24.31,False,0.0,0.0
12,TSLA,A,LONG,2025-02-19,929.4270163437541,35.35154793676448,2025-02-20,929.8917298519259,0.0811,894.5402,12.57,1255.68,2025-02-20,894.0929,SL,1,-2.9028,1.0,-3.9028,-0.003108,False,all,trending,25.62,True,0.0,0.0
13,TSLA,A,LONG,2025-03-26,938.7164497335108,43.08927237375156,2025-03-27,939.1858079583775,0.08,896.0965,12.52,1250.77,2025-04-04,895.6485,SL,7,-3.4817,1.0,-4.4817,-0.003583,False,all,trending,32.51,True,0.0,0.0
14,TSLA,A,LONG,2025-04-15,999.9876377232765,44.31515162195893,2025-04-16,1000.4876315421382,0.0747,956.1725,12.46,1245.29,2025-04-25,955.6944,SL,8,-3.3479,1.0,-4.3479,-0.003491,False,all,trending,44.57,True,0.0,0.0
15,TSLA,A,LONG,2025-05-06,1133.4436410851388,50.12589684910029,2025-05-07,1134.0103629056812,0.0657,1083.8845,12.41,1239.95,2025-05-08,1083.3425,SL,2,-3.3267,1.0,-4.3267,-0.003489,False,all,trending,37.63,True,0.0,0.0
16,TSLA,A,LONG,2025-05-14,1171.584968655636,49.78805135191456,2025-05-15,1172.1707611399638,0.0632,1122.3827,12.36,1234.62,2025-05-19,1320.8741,TP,3,9.4051,1.0,8.4051,0.006808,True,all,trending,30.2,True,0.0,0.0
17,TSLA,A,LONG,2025-05-20,1447.5108005511088,59.99752001121152,2025-05-21,1448.2345559513842,0.0515,1388.237,12.43,1242.02,2025-05-28,1627.413,TP,6,9.2274,1.0,8.2274,0.006624,True,all,trending,34.47,True,0.0,0.0
18,TSLA,A,LONG,2025-05-29,1680.9405439961222,66.16784557511534,2025-05-30,1681.78101426812,0.0446,1615.6132,12.5,1249.25,2025-06-06,1879.3444,TP,6,8.8122,1.0,7.8122,0.006254,True,all,trending,46.92,True,0.0,0.0
19,TSLA,A,LONG,2025-06-10,1943.786359525783,79.78781549183674,2025-06-11,1944.7582527055456,0.0388,1864.9704,12.57,1256.06,2025-06-17,1864.038,SL,5,-3.1306,1.0,-4.1306,-0.003289,False,all,trending,60.47,True,0.0,0.0
20,TSLA,A,LONG,2025-06-23,2080.6664590820296,90.68045699856457,2025-06-24,2081.7067923115706,0.0361,1991.0263,12.52,1250.93,2025-07-14,2352.5713,TP,15,9.7738,1.0,8.7738,0.007014,True,all,trending,69.32,True,0.0,0.0
21,TSLA,A,LONG,2025-07-15,2445.0115377912934,97.14451216866293,2025-07-16,2446.234043560189,0.0309,2349.0895,12.6,1258.71,2025-07-24,2347.915,SL,7,-3.0378,1.0,-4.0378,-0.003208,False,all,trending,32.43,True,0.0,0.0
22,TSLA,A,LONG,2025-08-06,2578.064196404442,102.00247272731731,2025-08-07,2579.353228502644,0.0292,2477.3508,12.55,1253.67,2025-08-13,2476.1121,SL,5,-3.0132,1.0,-4.0132,-0.003201,False,all,corrective,21.25,False,0.0,0.0
23,TSLA,A,LONG,2025-08-19,2788.3334891908726,117.94192961944512,2025-08-20,2789.7276559354677,0.0269,2671.7857,12.5,1248.66,2025-08-25,3141.9817,TP,4,9.4675,1.0,8.4675,0.006781,True,all,corrective,16.05,False,0.0,0.0
24,TSLA,A,LONG,2025-08-27,3324.696260890884,137.31388584997507,2025-08-28,3326.3586090213294,0.0227,3189.0447,12.57,1256.12,2025-09-10,3736.4311,TP,10,9.2987,1.0,8.2987,0.006607,True,all,corrective,14.36,False,0.0,0.0
25,TSLA,A,LONG,2025-10-20,3687.9520007169854,147.18824089736134,2025-10-21,3689.795976717344,0.0206,3542.6077,12.64,1263.42,2025-10-22,3540.8364,SL,2,-3.0627,1.0,-4.0627,-0.003216,False,all,trending,27.04,True,0.0,0.0
26,TSLA,A,LONG,2025-11-21,3792.597515427623,169.47132465775073,2025-11-24,3794.4938141853368,0.0199,3625.0225,12.59,1258.36,2025-12-04,4300.7563,TP,9,10.0814,1.0,9.0814,0.007217,True,all,corrective,21.17,False,0.0,0.0
27,TSLA,A,LONG,2025-12-05,4506.97101896426,174.6034748489455,2025-12-08,4509.224504473742,0.0169,4334.621,12.67,1266.44,2025-12-12,5030.5184,TP,5,8.7914,1.0,7.7914,0.006152,True,all,corrective,24.19,False,0.0,0.0
28,TSLA,A,LONG,2025-12-15,5263.229247519652,193.86222533959582,2025-12-16,5265.860862143411,0.0145,5071.9986,12.74,1273.23,2026-01-05,5069.4626,SL,15,-2.8515,1.0,-3.8515,-0.003025,False,all,corrective,24.8,False,0.0,0.0
29,TSLA,A,LONG,2026-02-12,5899.086065011471,255.46296893469687,2026-02-13,5902.035608043976,0.0129,5646.5726,12.69,1268.38,2026-02-17,5643.7494,SL,3,-3.3331,1.0,-4.3331,-0.003416,False,all,trending,40.46,True,0.0,0.0
30,TSLA,A,LONG,2026-02-18,6114.97110633145,266.56198080457676,2026-02-19,6118.028591884615,0.0124,5851.4666,12.64,1263.05,2026-03-05,6914.2557,TP,11,9.8705,1.0,8.8705,0.007023,True,all,trending,44.92,True,0.0,0.0
31,TSLA,A,LONG,2026-03-06,7165.13524756932,276.2677069715933,2026-03-09,7168.717815193105,0.0106,6892.4501,12.72,1270.92,2026-03-10,6889.0039,SL,2,-2.9777,1.0,-3.9777,-0.00313,False,all,trending,36.44,True,0.0,0.0
1,XLK,A,LONG,2024-08-05,330.57300107689116,12.273515449516276,2024-08-06,330.73828757742956,0.2268,318.4648,12.5,1249.0,2024-08-09,318.3055,SL,4,-2.8193,1.0,-3.8193,-0.003058,False,all,corrective,13.01,False,0.0,0.0
2,XLK,A,LONG,2024-08-15,345.9368204063148,12.34303708976219,2024-08-16,346.1097888165179,0.2159,333.7668,12.45,1244.18,2024-08-23,382.9473,TP,6,7.9517,1.0,6.9517,0.005587,True,all,corrective,11.39,False,0.0,0.0
3,XLK,A,LONG,2024-09-02,429.3326374420659,16.433358103792436,2024-09-03,429.5473037607869,0.1748,413.1139,12.51,1250.13,2024-09-03,412.9074,SL,1,-2.908,1.0,-3.908,-0.003126,False,all,corrective,14.44,False,0.0,0.0
4,XLK,A,LONG,2024-09-06,433.55173116666845,16.438091606405322,2024-09-09,433.76850703225176,0.1724,417.3304,12.46,1245.22,2024-09-30,417.1218,SL,16,-2.8696,1.0,-3.8696,-0.003108,False,all,corrective,18.81,False,0.0,0.0
5,XLK,A,LONG,2024-10-17,480.5460083264483,19.927874578861246,2024-10-18,480.78628133061153,0.1549,460.8584,12.41,1240.35,2024-10-25,540.2996,TP,6,9.2195,1.0,8.2195,0.006627,True,all,corrective,22.21,False,0.0,0.0
6,XLK,A,LONG,2024-11-08,602.0655762732448,26.00826101041201,2024-11-11,602.3666090613814,0.1244,576.3583,12.49,1247.57,2024-11-25,680.0512,TP,11,9.6614,1.0,8.6614,0.006943,True,all,trending,37.34,True,0.0,0.0
7,XLK,A,LONG,2024-11-27,699.6139128538945,29.648825934180344,2024-11-28,699.9637198103214,0.1077,670.3149,12.56,1255.24,2024-12-02,669.9797,SL,3,-3.2288,1.0,-4.2288,-0.003369,False,all,trending,42.55,True,0.0,0.0
8,XLK,A,LONG,2024-12-18,741.7125546577872,30.252127535264812,2024-12-19,742.083410935116,0.1011,711.8313,12.51,1250.01,2024-12-23,832.4234,TP,3,9.1377,1.0,8.1377,0.00651,True,all,corrective,22.59,False,0.0,0.0
9,XLK,A,LONG,2024-12-24,875.2064137749778,34.736778682630145,2024-12-25,875.6440169818652,0.0862,840.9072,12.58,1257.14,2025-01-07,979.3644,TP,10,8.9417,1.0,7.9417,0.006317,True,all,corrective,19.95,False,0.0,0.0
10,XLK,A,LONG,2025-01-22,1095.766536242172,43.37209686849853,2025-01-23,1096.314419510293,0.0692,1052.9423,12.65,1264.09,2025-01-23,1052.4159,SL,1,-3.0394,1.0,-4.0394,-0.003196,False,all,corrective,16.4,False,0.0,0.0
11,XLK,A,LONG,2025-02-04,1102.6987047543682,42.83500517249585,2025-02-05,1103.2500541067454,0.0685,1060.415,12.6,1259.05,2025-02-10,1231.1392,TP,4,8.7639,1.0,7.7639,0.006166,True,all,trending,30.15,True,0.0,0.0
12,XLK,A,LONG,2025-02-11,1301.38654889133,49.85309743260327,2025-02-12,1302.0372421657755,0.0584,1252.1841,12.67,1265.81,2025-02-21,1251.5581,SL,8,-2.9468,1.0,-3.9468,-0.003118,False,all,corrective,22.98,False,0.0,0.0
13,XLK,A,LONG,2025-03-18,1410.6117296034793,54.95421891721665,2025-03-19,1411.317035468281,0.0536,1356.3628,12.62,1260.86,2025-04-03,1355.6846,SL,12,-2.9845,1.0,-3.9845,-0.00316,False,all,trending,33.41,True,0.0,0.0
14,XLK,A,LONG,2025-04-10,1562.6250383064444,65.71848951039402,2025-04-11,1563.4063508255974,0.0482,1497.6879,12.57,1255.88,2025-04-17,1496.939,SL,5,-3.2061,1.0,-4.2061,-0.003349,False,all,trending,41.83,True,0.0,0.0
15,XLK,A,LONG,2025-06-03,1543.1405935140572,70.420991309044,2025-06-04,1543.912163810814,0.0486,1473.4912,12.52,1250.67,2025-06-05,1472.7544,SL,2,-3.4613,1.0,-4.4613,-0.003567,False,all,trending,52.11,True,0.0,0.0
16,XLK,A,LONG,2025-07-02,1756.1663096531352,73.00257740529116,2025-07-03,1757.0443928079617,0.0426,1684.0418,12.46,1245.21,2025-07-15,1683.1998,SL,9,-3.1425,1.0,-4.1425,-0.003327,False,all,trending,54.71,True,0.0,0.0
17,XLK,A,LONG,2025-10-09,1705.787199918839,63.7243533969204,2025-10-10,1706.6400935187983,0.0436,1642.9157,12.41,1240.07,2025-10-27,1896.8642,TP,12,8.2999,1.0,7.2999,0.005887,True,all,trending,38.77,True,0.0,0.0
18,XLK,A,LONG,2025-10-29,1975.7057079797003,75.8682910082504,2025-10-30,1976.69356083369,0.0379,1900.8253,12.47,1246.37,2025-11-03,2203.1963,TP,3,8.5759,1.0,7.5759,0.006078,True,all,corrective,19.6,False,0.0,0.0
19,XLK,A,LONG,2025-11-04,2351.2858595841194,91.06299895261482,2025-11-05,2352.4615025139115,0.032,2261.3985,12.54,1252.95,2025-11-06,2260.2678,SL,2,-2.9486,1.0,-3.9486,-0.003151,False,all,corrective,18.81,False,0.0,0.0
20,XLK,A,LONG,2025-11-10,2372.4539632053697,99.15309931455481,2025-11-11,2373.640190186972,0.0316,2274.4871,12.49,1248.0,2025-11-12,2273.3498,SL,2,-3.1663,1.0,-4.1663,-0.003338,False,all,corrective,19.99,False,0.0,0.0
21,XLK,A,LONG,2025-11-26,2456.1325094869394,111.8114576062574,2025-11-27,2457.3605757416826,0.0304,2345.5491,12.44,1242.83,2025-12-04,2791.3986,TP,6,10.1447,1.0,9.1447,0.007358,True,all,corrective,24.4,False,0.0,0.0
22,XLK,A,LONG,2025-12-19,2884.524939879965,125.69569934503266,2025-12-22,2885.967202349905,0.026,2760.2715,12.52,1250.98,2025-12-23,2758.8914,SL,2,-3.3076,1.0,-4.3076,-0.003443,False,all,trending,25.16,True,0.0,0.0
23,XLK,A,LONG,2026-01-16,3035.578309192847,124.68700360039259,2026-01-19,3037.0960983474433,0.0246,2912.4091,12.47,1245.67,2026-02-02,3409.4515,TP,11,9.1707,1.0,8.1707,0.006559,True,all,trending,37.14,True,0.0,0.0
24,XLK,A,LONG,2026-02-06,3805.1312649333363,145.41140670964327,2026-02-09,3807.033830565803,0.0198,3661.6224,12.54,1252.84,2026-02-16,4241.1464,TP,6,8.5784,1.0,7.5784,0.006049,True,all,trending,39.15,True,0.0,0.0
25,XLK,A,LONG,2026-02-23,4315.5218947749945,167.1597686827959,2026-02-24,4317.6796557223815,0.0175,4150.5199,12.6,1259.42,2026-02-24,4148.4446,SL,1,-2.9642,1.0,-3.9642,-0.003148,False,all,trending,48.74,True,0.0,0.0
26,XLK,A,LONG,2026-02-26,4367.379791933517,175.11687159771773,2026-02-27,4369.563481829483,0.0172,4194.4466,12.55,1254.45,2026-03-04,4192.3494,SL,4,-3.055,1.0,-4.055,-0.003232,False,all,trending,49.72,True,0.0,0.0
1,XLY,A,LONG,2024-09-27,368.7828107317883,15.505064056470696,2024-09-30,368.9672021371542,0.2033,353.4621,12.5,1249.0,2024-09-30,353.2854,SL,1,-3.1876,1.0,-4.1876,-0.003353,False,all,trending,29.42,True,0.0,0.0
2,XLY,A,LONG,2024-10-04,378.5606120837605,16.211794159584763,2024-10-07,378.7498923898023,0.1972,362.5381,12.45,1243.81,2024-10-08,362.3568,SL,2,-3.2327,1.0,-4.2327,-0.003403,False,all,corrective,23.56,False,0.0,0.0
3,XLY,A,LONG,2024-12-23,363.5037847285868,15.895195168542887,2024-12-24,363.6855366209511,0.2045,347.7903,12.4,1238.58,2025-01-15,347.6164,SL,17,-3.2862,1.0,-4.2862,-0.003461,False,all,corrective,20.18,False,0.0,0.0
4,XLY,A,LONG,2025-01-22,426.6103594599246,18.936136724477,2025-01-23,426.82366463965457,0.1735,407.8875,12.34,1233.29,2025-01-29,407.6836,SL,5,-3.321,1.0,-4.321,-0.003504,False,all,corrective,16.4,False,0.0,0.0
5,XLY,A,LONG,2025-02-27,459.6747663463312,19.866776512101815,2025-02-28,459.90460372950434,0.1603,440.0378,12.29,1227.97,2025-03-05,519.2452,TP,4,9.5143,1.0,8.5143,0.006934,True,all,trending,30.58,True,0.0,0.0
6,XLY,A,LONG,2025-03-06,561.1137228068663,22.875772339712093,2025-03-07,561.3942796682697,0.1322,538.5185,12.36,1235.49,2025-03-11,538.2492,SL,3,-3.0587,1.0,-4.0587,-0.003285,False,all,trending,36.9,True,0.0,0.0
7,XLY,A,LONG,2025-04-18,549.7981614479337,22.414077423197238,2025-04-21,550.0730605286576,0.1343,527.659,12.31,1230.43,2025-04-21,527.3952,SL,1,-3.0461,1.0,-4.0461,-0.003288,False,all,trending,49.4,True,0.0,0.0
8,XLY,A,LONG,2025-04-23,561.8037276583462,24.41899134183611,2025-04-24,562.0846295221754,0.1309,537.6656,12.26,1225.38,2025-05-08,635.0239,TP,11,9.5485,1.0,8.5485,0.006976,True,all,trending,47.82,True,0.0,0.0
9,XLY,A,LONG,2025-05-09,661.147709857408,25.910359690243293,2025-05-12,661.4782837123366,0.1119,635.5679,12.34,1232.93,2025-06-03,738.8398,TP,17,8.6587,1.0,7.6587,0.006212,True,all,trending,31.78,True,0.0,0.0
10,XLY,A,LONG,2025-06-04,771.9255333843668,30.45176580506947,2025-06-05,772.3114961510589,0.0964,741.8597,12.41,1239.59,2025-06-30,863.235,TP,18,8.7632,1.0,7.7632,0.006263,True,all,trending,53.9,True,0.0,0.0
11,XLY,A,LONG,2025-07-01,901.735555517576,34.039917862598315,2025-07-02,902.1864232953347,0.083,868.1465,12.47,1246.35,2025-07-03,867.7124,SL,2,-2.8598,1.0,-3.8598,-0.003097,False,all,trending,57.49,True,0.0,0.0
12,XLY,A,LONG,2025-07-09,1008.6318730311648,38.65367026926786,2025-07-10,1009.1361889676804,0.0739,970.4825,12.42,1241.49,2025-07-21,1124.5347,TP,8,8.525,1.0,7.525,0.006061,True,all,trending,40.31,True,0.0,0.0
13,XLY,A,LONG,2025-07-22,1240.966813918427,49.44742929728149,2025-07-23,1241.5872973253863,0.0604,1192.1399,12.49,1248.02,2025-07-23,1191.5438,SL,1,-3.0206,1.0,-4.0206,-0.003222,False,all,corrective,23.96,False,0.0,0.0
14,XLY,A,LONG,2025-07-29,1268.2163861378735,50.220098543664065,2025-07-30,1268.8504943309424,0.0588,1218.6304,12.44,1243.0,2025-08-08,1418.801,TP,8,8.8208,1.0,7.8208,0.006292,True,all,corrective,21.68,False,0.0,0.0
15,XLY,A,LONG,2025-08-25,1461.1771818829197,63.79147181797116,2025-08-26,1461.907770473861,0.0513,1398.1163,12.51,1249.82,2025-08-27,1397.4172,SL,2,-3.3107,1.0,-4.3107,-0.003449,False,all,corrective,13.95,False,0.0,0.0
16,XLY,A,LONG,2025-10-01,1549.7528666700284,67.54636036537472,2025-10-02,1550.5277431033633,0.0482,1482.9814,12.46,1244.51,2025-10-03,1482.2399,SL,2,-3.2913,1.0,-4.2913,-0.003448,False,all,trending,32.35,True,0.0,0.0
17,XLY,A,LONG,2025-10-14,1618.5413929270926,72.48709880643123,2025-10-15,1619.350663623556,0.046,1546.8636,12.4,1239.22,2025-10-16,1546.0901,SL,2,-3.3665,1.0,-4.3665,-0.003524,False,all,trending,34.69,True,0.0,0.0
18,XLY,A,LONG,2025-11-12,1649.8549632528552,73.10899965741628,2025-11-13,1650.6798907344817,0.0449,1577.5709,12.35,1233.85,2025-12-08,1869.0719,TP,18,9.8026,1.0,8.8026,0.007134,True,all,corrective,21.08,False,0.0,0.0
19,XLY,A,LONG,2025-12-11,1980.6190135433333,86.87041487945469,2025-12-12,1981.6093230501049,0.0376,1894.7389,12.43,1241.65,2026-01-01,2241.0995,TP,15,9.7635,1.0,8.7635,0.007058,True,all,corrective,22.22,False,0.0,0.0
20,XLY,A,LONG,2026-01-12,2341.5967379697695,94.28495650643023,2026-01-13,2342.7675363387543,0.032,2248.4826,12.5,1249.42,2026-01-13,2247.3583,SL,1,-3.0554,1.0,-4.0554,-0.003246,False,all,trending,36.35,True,0.0,0.0
21,XLY,A,LONG,2026-01-19,2404.6682084090507,100.99924240287277,2026-01-20,2405.8705425132553,0.0311,2304.8713,12.45,1244.36,2026-01-23,2303.7189,SL,4,-3.1726,1.0,-4.1726,-0.003353,False,all,trending,36.62,True,0.0,0.0
22,XLY,A,LONG,2026-02-06,2711.0906472950956,116.86045673468067,2026-02-09,2712.4461926187428,0.0274,2595.5857,12.4,1239.19,2026-02-17,2594.2879,SL,7,-3.2415,1.0,-4.2415,-0.003423,False,all,trending,39.15,True,0.0,0.0
23,XLY,A,LONG,2026-03-13,2824.2435967070332,120.1865735138165,2026-03-16,2825.6557185053866,0.0262,2705.4691,12.35,1233.95,2026-03-19,2824.3529,EOB,4,-0.0342,1.0,-1.0342,-0.000838,False,all,trending,31.22,True,0.0,0.0
