ts,symbol,combo,event,beta_60
2023-07-21,NVDA,C,beta_gate_fail,2.347188659774076
2023-07-24,NVDA,C,beta_gate_fail,2.3458834078187647
2023-07-25,NVDA,C,beta_gate_fail,2.573355970193434
2023-07-26,NVDA,C,beta_gate_fail,2.5715355419778834
2023-07-27,NVDA,C,beta_gate_fail,2.5876278098011594
2023-07-28,NVDA,C,beta_gate_fail,2.5118346529929862
2023-07-31,NVDA,C,beta_gate_fail,2.511947061344704
2023-08-01,NVDA,C,beta_gate_fail,2.511027684787389
2023-08-02,NVDA,C,beta_gate_fail,2.527916536420631
2023-08-03,NVDA,C,beta_gate_fail,2.523046103817789
2023-08-04,NVDA,C,beta_gate_fail,2.4994090227359194
2023-08-07,NVDA,C,beta_gate_fail,2.5199661488225056
2023-08-08,NVDA,C,beta_gate_fail,2.515466420455188
2023-08-09,NVDA,C,beta_gate_fail,2.556776061046637
2023-08-10,NVDA,C,beta_gate_fail,2.554043315670564
2023-08-11,NVDA,C,beta_gate_fail,2.5813224247056605
2023-08-14,NVDA,C,beta_gate_fail,2.640051516579694
2023-08-15,NVDA,C,beta_gate_fail,2.5834386661170043
2023-08-16,NVDA,C,beta_gate_fail,2.553313740571783
2023-08-17,NVDA,C,beta_gate_fail,2.5175250100604045
2023-08-18,NVDA,C,beta_gate_fail,2.545062585827282
2023-08-21,NVDA,C,beta_gate_fail,2.6373196731843525
2023-08-22,NVDA,C,beta_gate_fail,2.0032955132924735
2023-08-23,NVDA,C,beta_gate_fail,2.1142771843573804
2023-08-24,NVDA,C,beta_gate_fail,1.9396619445437997
2023-08-25,NVDA,C,beta_gate_fail,1.8351318078427192
2023-08-28,NVDA,C,beta_gate_fail,1.789478660322918
2023-08-29,NVDA,C,beta_gate_fail,1.8173168424638118
2023-08-30,NVDA,C,beta_gate_fail,1.8155678734872396
2023-08-31,NVDA,C,beta_gate_fail,1.8121425684881494
2023-09-01,NVDA,C,beta_gate_fail,1.814879665841638
2023-09-05,NVDA,C,beta_gate_fail,1.8113153388109828
2023-09-06,NVDA,C,beta_gate_fail,1.8369681035360597
2023-09-07,NVDA,C,beta_gate_fail,1.8841040620624017
2023-09-08,NVDA,C,beta_gate_fail,1.853907719388126
2023-09-11,NVDA,C,beta_gate_fail,1.7626483678826474
2023-09-12,NVDA,C,beta_gate_fail,1.7939575945593653
2023-09-13,NVDA,C,beta_gate_fail,1.8110370703956236
2023-09-14,NVDA,C,beta_gate_fail,1.8085659670554546
2023-09-15,NVDA,C,beta_gate_fail,1.8394220343104464
2023-09-18,NVDA,C,beta_gate_fail,1.8802579175724028
2023-09-19,NVDA,C,beta_gate_fail,1.8827042901145676
2023-09-20,NVDA,C,beta_gate_fail,1.8611625437271027
2023-09-21,NVDA,C,beta_gate_fail,1.851155145693461
2023-09-22,NVDA,C,beta_gate_fail,1.85992875330556
2023-09-25,NVDA,C,beta_gate_fail,1.862555140428061
2023-09-26,NVDA,C,beta_gate_fail,1.8026729844602918
2023-09-27,NVDA,C,beta_gate_fail,1.807860981942336
2023-09-28,NVDA,C,beta_gate_fail,1.8049805522276485
2023-09-29,NVDA,C,beta_gate_fail,1.8147940957233424
2023-10-02,NVDA,C,beta_gate_fail,1.8405011021052835
2023-10-03,NVDA,C,beta_gate_fail,1.8349967562542522
2023-10-04,NVDA,C,beta_gate_fail,1.8063630773473154
2023-10-05,NVDA,C,beta_gate_fail,1.7748416263640072
2023-10-06,NVDA,C,beta_gate_fail,1.7103472354416172
2023-10-09,NVDA,C,beta_gate_fail,1.6933920828546414
2023-10-10,NVDA,C,beta_gate_fail,1.6864585582497236
2023-10-11,NVDA,C,beta_gate_fail,1.6874174143794751
2023-10-12,NVDA,C,beta_gate_fail,1.68298828409485
2023-10-13,NVDA,C,beta_gate_fail,1.718954792721295
2023-10-16,NVDA,C,beta_gate_fail,1.696724918579737
2023-10-17,NVDA,C,beta_gate_fail,1.7145004828302188
2023-10-18,NVDA,C,beta_gate_fail,1.7357559162243834
2023-10-19,NVDA,C,beta_gate_fail,1.7216920934571682
2023-10-20,NVDA,C,beta_gate_fail,1.7088046150746008
2023-10-23,NVDA,C,beta_gate_fail,1.7703698176187161
2023-10-24,NVDA,C,beta_gate_fail,1.7686915107460641
2023-10-25,NVDA,C,beta_gate_fail,1.7711224029824852
2023-10-26,NVDA,C,beta_gate_fail,1.7502177911120407
2023-10-27,NVDA,C,beta_gate_fail,1.7457066575095164
2023-10-30,NVDA,C,beta_gate_fail,1.7467522649594245
2023-10-31,NVDA,C,beta_gate_fail,1.729481610663005
2023-11-01,NVDA,C,beta_gate_fail,1.7452412032071494
2023-11-02,NVDA,C,beta_gate_fail,1.6959474542347492
2023-11-03,NVDA,C,beta_gate_fail,1.718447014784276
2023-11-06,NVDA,C,beta_gate_fail,1.6991616828281741
2023-11-07,NVDA,C,beta_gate_fail,1.6067024543512163
2023-11-08,NVDA,C,beta_gate_fail,1.639070176636383
2023-11-09,NVDA,C,beta_gate_fail,1.6244083385245325
2023-11-10,NVDA,C,beta_gate_fail,1.624269924603492
2023-11-13,NVDA,C,beta_gate_fail,1.6189233330735993
2023-11-17,NVDA,C,beta_gate_fail,1.553494071102906
2023-11-20,NVDA,C,beta_gate_fail,1.5986310450214878
2023-11-21,NVDA,C,beta_gate_fail,1.5921704941885082
2023-11-22,NVDA,C,beta_gate_fail,1.552450629328294
2023-11-24,NVDA,C,beta_gate_fail,1.5557082026078806
2023-11-27,NVDA,C,beta_gate_fail,1.5532449168519635
2023-11-28,NVDA,C,beta_gate_fail,1.54662756607961
2023-11-29,NVDA,C,beta_gate_fail,1.544667272846605
2023-11-30,NVDA,C,beta_gate_fail,1.532625856592295
2023-12-01,NVDA,C,beta_gate_fail,1.5248755438199024
2023-12-04,NVDA,C,beta_gate_fail,1.5441260847960634
2023-12-05,NVDA,C,beta_gate_fail,1.5941344116042455
2023-12-06,NVDA,C,beta_gate_fail,1.627887295360555
2023-12-07,NVDA,C,beta_gate_fail,1.6260351815284146
2023-12-08,NVDA,C,beta_gate_fail,1.6440781320570979
2023-12-11,NVDA,C,beta_gate_fail,1.5797619449218354
2023-12-12,NVDA,C,beta_gate_fail,1.590816637396105
2023-12-13,NVDA,C,beta_gate_fail,1.5698897893115717
2023-12-14,NVDA,C,beta_gate_fail,1.5503809206284944
2023-12-15,NVDA,C,beta_gate_fail,1.5517525624144295
2023-12-18,NVDA,C,beta_gate_fail,1.564546967661062
2023-12-19,NVDA,C,beta_gate_fail,1.5528963519393841
2023-12-20,NVDA,C,beta_gate_fail,1.6176830986093806
2023-12-21,NVDA,C,beta_gate_fail,1.6164751851205619
2023-12-22,NVDA,C,beta_gate_fail,1.6149801567888384
2023-12-26,NVDA,C,beta_gate_fail,1.6176707962348351
2023-12-27,NVDA,C,beta_gate_fail,1.5994496993052478
2023-12-28,NVDA,C,beta_gate_fail,1.6026459103558637
2023-12-29,NVDA,C,beta_gate_fail,1.612582463723295
2024-01-02,NVDA,C,beta_gate_fail,1.6274036060015764
2024-01-03,NVDA,C,beta_gate_fail,1.6192155908936694
2024-01-04,NVDA,C,beta_gate_fail,1.6110289013734407
2024-01-05,NVDA,C,beta_gate_fail,1.6067612314995758
2024-01-08,NVDA,C,beta_gate_fail,1.6977123134558685
2024-01-09,NVDA,C,beta_gate_fail,1.7066207112584455
2024-01-10,NVDA,C,beta_gate_fail,1.6932176440631563
2024-01-11,NVDA,C,beta_gate_fail,1.7042426846265053
2024-01-12,NVDA,C,beta_gate_fail,1.6700083924403932
2024-01-16,NVDA,C,beta_gate_fail,1.608100898545438
2024-01-17,NVDA,C,beta_gate_fail,1.6249342845836874
2024-01-18,NVDA,C,beta_gate_fail,1.6271212878758015
2024-01-19,NVDA,C,beta_gate_fail,1.6503019592096706
2024-01-22,NVDA,C,beta_gate_fail,1.6507999739233263
2024-01-23,NVDA,C,beta_gate_fail,1.6297781407048189
2024-01-24,NVDA,C,beta_gate_fail,1.6058495119699738
2024-01-25,NVDA,C,beta_gate_fail,1.6070415367408444
2024-01-26,NVDA,C,beta_gate_fail,1.6166870341357695
2024-01-29,NVDA,C,beta_gate_fail,1.634446326783403
2024-01-30,NVDA,C,beta_gate_fail,1.577073881777788
2024-01-31,NVDA,C,beta_gate_fail,1.5426239187004913
2024-02-01,NVDA,C,beta_gate_fail,1.5209806442004683
2024-02-02,NVDA,C,beta_gate_fail,1.584759431382291
2024-02-05,NVDA,C,beta_gate_fail,1.5614979729189187
2024-02-06,NVDA,C,beta_gate_fail,1.5784653663281218
2024-02-07,NVDA,C,beta_gate_fail,1.6335064629869425
2024-02-08,NVDA,C,beta_gate_fail,1.6828100135398871
2024-02-09,NVDA,C,beta_gate_fail,1.7212827305493057
2024-02-12,NVDA,C,beta_gate_fail,1.797112165563374
2024-02-13,NVDA,C,beta_gate_fail,1.6934840407486254
2024-02-14,NVDA,C,beta_gate_fail,1.696884543618817
2024-02-15,NVDA,C,beta_gate_fail,1.6889394242039164
2024-02-16,NVDA,C,beta_gate_fail,1.6660636427375946
2024-02-20,NVDA,C,beta_gate_fail,1.7321556800457696
2024-02-21,NVDA,C,beta_gate_fail,1.785692563742376
2024-02-22,NVDA,C,beta_gate_fail,2.3523320226071807
2024-02-23,NVDA,C,beta_gate_fail,2.34967012129703
2024-02-26,NVDA,C,beta_gate_fail,2.352080203238951
2024-02-27,NVDA,C,beta_gate_fail,2.3537677923455447
2024-02-28,NVDA,C,beta_gate_fail,2.339536340149629
2024-02-29,NVDA,C,beta_gate_fail,2.331652499890527
2024-03-01,NVDA,C,beta_gate_fail,2.312265865977025
2024-03-04,NVDA,C,beta_gate_fail,2.2665154133665393
2024-03-05,NVDA,C,beta_gate_fail,2.0860460702891914
2024-03-06,NVDA,C,beta_gate_fail,2.124671663254974
2024-03-07,NVDA,C,beta_gate_fail,2.1345959238040466
2024-03-08,NVDA,C,beta_gate_fail,2.274613350137483
2024-03-11,NVDA,C,beta_gate_fail,2.293518969764985
2024-03-12,NVDA,C,beta_gate_fail,2.407636906168451
2024-03-13,NVDA,C,beta_gate_fail,2.4071121865865526
2024-03-14,NVDA,C,beta_gate_fail,2.4299438559665045
2024-03-15,NVDA,C,beta_gate_fail,2.386990265607563
2024-03-18,NVDA,C,beta_gate_fail,2.3832817860293307
2024-03-19,NVDA,C,beta_gate_fail,2.3792699039142464
2024-03-20,NVDA,C,beta_gate_fail,2.3656205551936713
2024-03-21,NVDA,C,beta_gate_fail,2.3632932963192017
2024-03-22,NVDA,C,beta_gate_fail,2.3704386425146575
2024-03-25,NVDA,C,beta_gate_fail,2.364850590090751
2024-03-26,NVDA,C,beta_gate_fail,2.3831177478068457
2024-03-27,NVDA,C,beta_gate_fail,2.3697284388700903
2024-03-28,NVDA,C,beta_gate_fail,2.3907606888513744
2024-04-01,NVDA,C,beta_gate_fail,2.404435486917771
2024-04-02,NVDA,C,beta_gate_fail,2.4112673080095655
2024-04-03,NVDA,C,beta_gate_fail,2.4124654889452306
2024-04-04,NVDA,C,beta_gate_fail,2.391878629194821
2024-04-05,NVDA,C,beta_gate_fail,2.3712839562837713
2024-04-08,NVDA,C,beta_gate_fail,2.372771978921289
2024-04-09,NVDA,C,beta_gate_fail,2.357733930330762
2024-04-10,NVDA,C,beta_gate_fail,2.294603430421993
2024-04-11,NVDA,C,beta_gate_fail,2.2968511587401053
2024-04-12,NVDA,C,beta_gate_fail,2.2805969159134167
2024-04-15,NVDA,C,beta_gate_fail,2.303532669866588
2024-04-16,NVDA,C,beta_gate_fail,2.332570838873218
2024-04-17,NVDA,C,beta_gate_fail,2.364966799214177
2024-04-18,NVDA,C,beta_gate_fail,2.358268021903557
2024-04-19,NVDA,C,beta_gate_fail,2.5339852060526433
2024-04-22,NVDA,C,beta_gate_fail,2.5554167456548234
2024-04-23,NVDA,C,beta_gate_fail,2.5378877231939505
2024-04-24,NVDA,C,beta_gate_fail,2.526137704385403
2024-04-25,NVDA,C,beta_gate_fail,2.510433231443004
2024-04-26,NVDA,C,beta_gate_fail,2.622071368077158
2024-04-29,NVDA,C,beta_gate_fail,2.6373821157506194
2024-04-30,NVDA,C,beta_gate_fail,2.551773887472295
2024-05-01,NVDA,C,beta_gate_fail,2.5912709336012525
2024-05-02,NVDA,C,beta_gate_fail,2.577581067995388
2024-05-03,NVDA,C,beta_gate_fail,2.521441997862212
2024-05-06,NVDA,C,beta_gate_fail,2.5332879899258836
2024-05-07,NVDA,C,beta_gate_fail,2.5259815385895
2024-05-08,NVDA,C,beta_gate_fail,2.5309959402911297
2024-05-09,NVDA,C,beta_gate_fail,2.6090298946746624
2024-05-10,NVDA,C,beta_gate_fail,2.6238217956957337
2024-05-13,NVDA,C,beta_gate_fail,2.632335255044518
2024-05-14,NVDA,C,beta_gate_fail,2.6520986841425787
2024-05-15,NVDA,C,beta_gate_fail,2.6024599168709805
2024-05-16,NVDA,C,beta_gate_fail,2.586044173638895
2024-05-17,NVDA,C,beta_gate_fail,2.1727027706655373
2024-05-20,NVDA,C,beta_gate_fail,2.1868862782749257
2024-05-21,NVDA,C,beta_gate_fail,2.187363724957174
2024-05-22,NVDA,C,beta_gate_fail,2.1913762848517377
2024-05-23,NVDA,C,beta_gate_fail,2.1012346330910514
2024-05-24,NVDA,C,beta_gate_fail,2.109777844555535
2024-05-28,NVDA,C,beta_gate_fail,2.1318494419931566
2024-05-29,NVDA,C,beta_gate_fail,2.1403562567818217
2024-05-30,NVDA,C,beta_gate_fail,2.3223256958627196
2024-05-31,NVDA,C,beta_gate_fail,2.3078541278700144
2024-06-03,NVDA,C,beta_gate_fail,2.312894352371766
2024-06-04,NVDA,C,beta_gate_fail,2.237141394975069
2024-06-05,NVDA,C,beta_gate_fail,2.230536349203702
2024-06-06,NVDA,C,beta_gate_fail,2.1446509275306695
2024-06-07,NVDA,C,beta_gate_fail,2.1497311020449557
2024-06-10,NVDA,C,beta_gate_fail,2.1281831479129574
2024-06-11,NVDA,C,beta_gate_fail,2.1474345719515693
2024-06-12,NVDA,C,beta_gate_fail,2.1771452555137354
2024-06-13,NVDA,C,beta_gate_fail,2.190506767010293
2024-06-14,NVDA,C,beta_gate_fail,2.234956660172156
2024-06-17,NVDA,C,beta_gate_fail,2.156893532824231
2024-06-18,NVDA,C,beta_gate_fail,2.153743547610058
2024-06-20,NVDA,C,beta_gate_fail,2.2031505225406667
2024-06-21,NVDA,C,beta_gate_fail,2.205407947020666
2024-06-24,NVDA,C,beta_gate_fail,2.3350535648670285
2024-06-25,NVDA,C,beta_gate_fail,2.4075029192557365
2024-06-26,NVDA,C,beta_gate_fail,2.407785459850359
2024-06-27,NVDA,C,beta_gate_fail,2.4194680290932324
2024-06-28,NVDA,C,beta_gate_fail,2.414519322998035
2024-07-01,NVDA,C,beta_gate_fail,2.4071824589232977
2024-07-02,NVDA,C,beta_gate_fail,2.353383402116349
2024-07-03,NVDA,C,beta_gate_fail,2.3792785833216317
2024-07-05,NVDA,C,beta_gate_fail,2.3116624041824383
2024-07-08,NVDA,C,beta_gate_fail,2.390612823280614
2024-07-09,NVDA,C,beta_gate_fail,2.38590716439293
2024-07-10,NVDA,C,beta_gate_fail,2.4269756275442402
2024-07-11,NVDA,C,beta_gate_fail,2.4909552060428726
2024-07-12,NVDA,C,beta_gate_fail,2.496894172676844
2024-07-15,NVDA,C,beta_gate_fail,2.468671332022722
2024-07-16,NVDA,C,beta_gate_fail,2.5142307100008727
2024-07-17,NVDA,C,beta_gate_fail,2.2470479964745596
2024-07-18,NVDA,C,beta_gate_fail,2.166061637241931
2024-07-19,NVDA,C,beta_gate_fail,2.184931325414233
2024-07-22,NVDA,C,beta_gate_fail,2.225261622468431
2024-07-23,NVDA,C,beta_gate_fail,2.2902294473596965
2024-07-24,NVDA,C,beta_gate_fail,2.160052769869386
2024-07-25,NVDA,C,beta_gate_fail,2.157432799350214
2024-07-26,NVDA,C,beta_gate_fail,2.203294253229531
2024-07-29,NVDA,C,beta_gate_fail,2.165875297062766
2024-07-30,NVDA,C,beta_gate_fail,2.265423139615788
2024-07-31,NVDA,C,beta_gate_fail,2.5589418763265708
2024-08-01,NVDA,C,beta_gate_fail,2.5662071813599217
2024-08-02,NVDA,C,beta_gate_fail,2.4400058776876903
2024-08-05,NVDA,C,beta_gate_fail,2.423907060125815
2024-08-06,NVDA,C,beta_gate_fail,2.4397387485263775
2024-08-07,NVDA,C,beta_gate_fail,2.4705789584471187
2024-08-08,NVDA,C,beta_gate_fail,2.4249641220793134
2024-08-09,NVDA,C,beta_gate_fail,2.419101813886007
2024-08-12,NVDA,C,beta_gate_fail,2.433087365954312
2024-08-13,NVDA,C,beta_gate_fail,2.436079360867232
2024-08-14,NVDA,C,beta_gate_fail,2.4344027042784147
2024-08-15,NVDA,C,beta_gate_fail,2.379968913812652
2024-08-16,NVDA,C,beta_gate_fail,2.3805427995149695
2024-08-19,NVDA,C,beta_gate_fail,2.3901618437445156
2024-08-20,NVDA,C,beta_gate_fail,2.4452134517221635
2024-08-21,NVDA,C,beta_gate_fail,2.4428778025911435
2024-08-22,NVDA,C,beta_gate_fail,2.42350031558418
2024-08-23,NVDA,C,beta_gate_fail,2.454051196038113
2024-08-26,NVDA,C,beta_gate_fail,2.4420692725072324
2024-08-27,NVDA,C,beta_gate_fail,2.442558413606814
2024-08-28,NVDA,C,beta_gate_fail,2.4252864977132207
2024-08-29,NVDA,C,beta_gate_fail,2.433394401346024
2024-08-30,NVDA,C,beta_gate_fail,2.415760057811304
2024-09-03,NVDA,C,beta_gate_fail,2.46968762043043
2024-09-04,NVDA,C,beta_gate_fail,2.471930502085272
2024-09-05,NVDA,C,beta_gate_fail,2.472643094583507
2024-09-06,NVDA,C,beta_gate_fail,2.431354202883011
2024-09-09,NVDA,C,beta_gate_fail,2.430997690623715
2024-09-10,NVDA,C,beta_gate_fail,2.414565877760825
2024-09-11,NVDA,C,beta_gate_fail,2.463935392770717
2024-09-12,NVDA,C,beta_gate_fail,2.495385069224318
2024-09-13,NVDA,C,beta_gate_fail,2.4893512573354655
2024-09-16,NVDA,C,beta_gate_fail,2.4826915868124333
2024-09-17,NVDA,C,beta_gate_fail,2.4773192515624487
2024-09-18,NVDA,C,beta_gate_fail,2.442994290459514
2024-09-19,NVDA,C,beta_gate_fail,2.3697681549622414
2024-09-20,NVDA,C,beta_gate_fail,2.3717095050741115
2024-09-23,NVDA,C,beta_gate_fail,2.3757377474695085
2024-09-24,NVDA,C,beta_gate_fail,2.3895516053056354
2024-09-25,NVDA,C,beta_gate_fail,2.394435310230283
2024-09-26,NVDA,C,beta_gate_fail,2.4177319950766214
2024-09-27,NVDA,C,beta_gate_fail,2.405586078343514
2024-09-30,NVDA,C,beta_gate_fail,2.442065846186399
2024-10-01,NVDA,C,beta_gate_fail,2.444642500300332
2024-10-02,NVDA,C,beta_gate_fail,2.4438283371266407
2024-10-03,NVDA,C,beta_gate_fail,2.443043820478691
2024-10-04,NVDA,C,beta_gate_fail,2.4276064194997367
2024-10-07,NVDA,C,beta_gate_fail,2.386685117708965
2024-10-08,NVDA,C,beta_gate_fail,2.3944853314861216
2024-10-09,NVDA,C,beta_gate_fail,2.3801841752510926
2024-10-10,NVDA,C,beta_gate_fail,2.3822610269183984
2024-10-11,NVDA,C,beta_gate_fail,2.3987502786879102
2024-10-14,NVDA,C,beta_gate_fail,2.395840133636624
2024-10-15,NVDA,C,beta_gate_fail,2.401473410920858
2024-10-16,NVDA,C,beta_gate_fail,2.4004784987068426
2024-10-17,NVDA,C,beta_gate_fail,2.463854822650735
2024-10-18,NVDA,C,beta_gate_fail,2.469344791750481
2024-10-21,NVDA,C,beta_gate_fail,2.489653240683007
2024-10-22,NVDA,C,beta_gate_fail,2.4908307430063434
2024-10-23,NVDA,C,beta_gate_fail,2.42308086475544
2024-10-24,NVDA,C,beta_gate_fail,2.2498483633323194
2024-10-25,NVDA,C,beta_gate_fail,2.210529409900297
2024-10-28,NVDA,C,beta_gate_fail,2.3066918164831614
2024-10-29,NVDA,C,beta_gate_fail,2.299511988563016
2024-10-30,NVDA,C,beta_gate_fail,2.2856665590761396
2024-10-31,NVDA,C,beta_gate_fail,2.211673150201009
2024-11-01,NVDA,C,beta_gate_fail,2.2351702452448152
2024-11-04,NVDA,C,beta_gate_fail,2.2385421221931217
2024-11-05,NVDA,C,beta_gate_fail,2.232616290108329
2024-11-06,NVDA,C,beta_gate_fail,2.135270449318042
2024-11-07,NVDA,C,beta_gate_fail,2.118085993035064
2024-11-08,NVDA,C,beta_gate_fail,2.1554239639900827
2024-11-11,NVDA,C,beta_gate_fail,2.1593374631824593
2024-11-12,NVDA,C,beta_gate_fail,2.1230540844815535
2024-11-13,NVDA,C,beta_gate_fail,2.119063996785661
2024-11-14,NVDA,C,beta_gate_fail,2.102429431412423
2024-11-15,NVDA,C,beta_gate_fail,2.042314314137664
2024-11-18,NVDA,C,beta_gate_fail,1.991977795758309
2024-11-19,NVDA,C,beta_gate_fail,2.0157968538505844
2024-11-20,NVDA,C,beta_gate_fail,2.0152355960062724
2024-11-21,NVDA,C,beta_gate_fail,2.0179089953424914
2024-11-22,NVDA,C,beta_gate_fail,1.9977490738220656
2024-11-25,NVDA,C,beta_gate_fail,2.008234938647178
2024-11-26,NVDA,C,beta_gate_fail,1.8276146124895818
2024-11-27,NVDA,C,beta_gate_fail,1.8151603824917628
2024-11-29,NVDA,C,beta_gate_fail,1.820659204554524
2024-12-02,NVDA,C,beta_gate_fail,1.8234539935677014
2024-12-03,NVDA,C,beta_gate_fail,1.803184568155157
2024-12-04,NVDA,C,beta_gate_fail,1.8298162304109804
2024-12-05,NVDA,C,beta_gate_fail,1.674798256327364
2024-12-06,NVDA,C,beta_gate_fail,1.6260690789655752
2024-12-09,NVDA,C,beta_gate_fail,1.65373993332604
2024-12-10,NVDA,C,beta_gate_fail,1.6606050988191223
2024-12-11,NVDA,C,beta_gate_fail,1.6636617379125522
2024-12-12,NVDA,C,beta_gate_fail,1.6544275620643651
2024-12-13,NVDA,C,beta_gate_fail,1.6224179410736608
2024-12-16,NVDA,C,beta_gate_fail,1.5172306916397724
2024-12-17,NVDA,C,beta_gate_fail,1.5239336588976293
2025-01-27,NVDA,C,beta_gate_fail,1.8530955425889932
2025-01-28,NVDA,C,beta_gate_fail,1.9572614279867686
2025-01-29,NVDA,C,beta_gate_fail,1.9709404890455298
2025-01-30,NVDA,C,beta_gate_fail,1.9921645808164765
2025-01-31,NVDA,C,beta_gate_fail,1.9967629945988432
2025-02-03,NVDA,C,beta_gate_fail,2.0121836183949187
2025-02-04,NVDA,C,beta_gate_fail,1.9983211662657325
2025-02-05,NVDA,C,beta_gate_fail,2.055280900686105
2025-02-06,NVDA,C,beta_gate_fail,2.0794465562320936
2025-02-07,NVDA,C,beta_gate_fail,2.019183941694452
2025-02-10,NVDA,C,beta_gate_fail,2.025782279563344
2025-02-11,NVDA,C,beta_gate_fail,2.033706141583438
2025-02-12,NVDA,C,beta_gate_fail,2.031623973854147
2025-02-13,NVDA,C,beta_gate_fail,2.0574279454152884
2025-02-14,NVDA,C,beta_gate_fail,2.1284085272916835
2025-02-18,NVDA,C,beta_gate_fail,2.1476179915318547
2025-02-19,NVDA,C,beta_gate_fail,2.119964307137861
2025-02-20,NVDA,C,beta_gate_fail,2.105170205704724
2025-02-21,NVDA,C,beta_gate_fail,2.093264261422759
2025-02-24,NVDA,C,beta_gate_fail,2.1012857354359697
2025-02-25,NVDA,C,beta_gate_fail,2.1097462002959047
2025-02-26,NVDA,C,beta_gate_fail,2.1206757976268378
2025-02-27,NVDA,C,beta_gate_fail,2.2082719010716962
2025-02-28,NVDA,C,beta_gate_fail,2.2152873227905077
2025-03-03,NVDA,C,beta_gate_fail,2.3296542133397873
2025-03-04,NVDA,C,beta_gate_fail,2.3186241297871186
2025-03-05,NVDA,C,beta_gate_fail,2.2825995855453627
2025-03-06,NVDA,C,beta_gate_fail,2.268547513274101
2025-03-07,NVDA,C,beta_gate_fail,2.3085384326799043
2025-03-11,NVDA,C,beta_gate_fail,2.105831551690425
2025-03-12,NVDA,C,beta_gate_fail,2.145663123794249
2025-03-13,NVDA,C,beta_gate_fail,2.10602779203719
2025-03-14,NVDA,C,beta_gate_fail,2.099695496862167
2025-03-17,NVDA,C,beta_gate_fail,2.1081067736969468
2025-03-18,NVDA,C,beta_gate_fail,2.17496696700768
2025-03-19,NVDA,C,beta_gate_fail,2.1564112280686443
2025-03-20,NVDA,C,beta_gate_fail,2.3455608572051445
2025-03-21,NVDA,C,beta_gate_fail,2.3453588546291333
2025-03-24,NVDA,C,beta_gate_fail,2.307990402743372
2025-03-25,NVDA,C,beta_gate_fail,2.297099908208688
2025-03-26,NVDA,C,beta_gate_fail,2.3807369674501624
2025-03-27,NVDA,C,beta_gate_fail,2.3832947017988553
2025-03-28,NVDA,C,beta_gate_fail,2.3006717005038433
2025-03-31,NVDA,C,beta_gate_fail,2.3319496316500263
2025-04-01,NVDA,C,beta_gate_fail,2.3263485717825154
2025-04-02,NVDA,C,beta_gate_fail,2.3169276468282174
2025-04-03,NVDA,C,beta_gate_fail,2.1394779789710614
2025-04-04,NVDA,C,beta_gate_fail,1.9475764853004054
2025-04-07,NVDA,C,beta_gate_fail,1.93156282081484
2025-04-08,NVDA,C,beta_gate_fail,1.915066467717815
2025-04-09,NVDA,C,beta_gate_fail,1.767525262298404
2025-04-10,NVDA,C,beta_gate_fail,1.75206911895587
2025-04-11,NVDA,C,beta_gate_fail,1.750142156732587
2025-04-14,NVDA,C,beta_gate_fail,1.7521031626097512
2025-04-15,NVDA,C,beta_gate_fail,1.7517364777423396
2025-04-16,NVDA,C,beta_gate_fail,1.7651014392949183
2025-04-17,NVDA,C,beta_gate_fail,1.7605746195523202
2025-04-21,NVDA,C,beta_gate_fail,1.7520722064500827
2025-04-22,NVDA,C,beta_gate_fail,1.732689791495178
2025-04-23,NVDA,C,beta_gate_fail,1.7298565682198415
2025-04-24,NVDA,C,beta_gate_fail,1.6247409902617014
2025-04-25,NVDA,C,beta_gate_fail,1.604088692943163
2025-04-28,NVDA,C,beta_gate_fail,1.6023220882590024
2025-04-29,NVDA,C,beta_gate_fail,1.6002185664841377
2025-04-30,NVDA,C,beta_gate_fail,1.6000040715868615
2025-05-01,NVDA,C,beta_gate_fail,1.5981119070502918
2025-05-02,NVDA,C,beta_gate_fail,1.599293599115003
2025-05-05,NVDA,C,beta_gate_fail,1.5919071790776567
2025-05-06,NVDA,C,beta_gate_fail,1.5854669241364088
2025-05-07,NVDA,C,beta_gate_fail,1.5981919421864184
2025-05-08,NVDA,C,beta_gate_fail,1.5907549354110155
2025-05-09,NVDA,C,beta_gate_fail,1.5905603227145775
2025-05-12,NVDA,C,beta_gate_fail,1.5795607017836009
2025-05-13,NVDA,C,beta_gate_fail,1.5894350663687027
2025-05-14,NVDA,C,beta_gate_fail,1.5928029551430836
2025-05-15,NVDA,C,beta_gate_fail,1.5926357006998326
2025-05-16,NVDA,C,beta_gate_fail,1.5920185981130468
2025-05-19,NVDA,C,beta_gate_fail,1.5934968420828615
2025-05-20,NVDA,C,beta_gate_fail,1.5886801499787573
2025-05-21,NVDA,C,beta_gate_fail,1.5840519728496278
2025-05-22,NVDA,C,beta_gate_fail,1.5805328348617225
2025-05-23,NVDA,C,beta_gate_fail,1.5781297036684725
2025-05-27,NVDA,C,beta_gate_fail,1.540348439337274
2025-05-28,NVDA,C,beta_gate_fail,1.5344040607080103
2025-05-30,NVDA,C,beta_gate_fail,1.5046906666533242
2025-06-02,NVDA,C,beta_gate_fail,1.5089543453428746
2025-06-05,NVDA,C,beta_gate_fail,1.526478340429
2025-06-06,NVDA,C,beta_gate_fail,1.5122980544856077
2025-06-09,NVDA,C,beta_gate_fail,1.529606047584282
2025-06-10,NVDA,C,beta_gate_fail,1.5205710839269653
2025-06-11,NVDA,C,beta_gate_fail,1.524676466499975
2025-06-12,NVDA,C,beta_gate_fail,1.5190610244927576
2025-06-13,NVDA,C,beta_gate_fail,1.521829131519928
2025-06-16,NVDA,C,beta_gate_fail,1.5225963449213145
2025-06-17,NVDA,C,beta_gate_fail,1.5199683823464314
2025-06-18,NVDA,C,beta_gate_fail,1.519814827416956
2025-06-20,NVDA,C,beta_gate_fail,1.5234574426339664
2025-06-25,NVDA,C,beta_gate_fail,1.516553227428769
2025-06-26,NVDA,C,beta_gate_fail,1.5125903684391218
2025-06-27,NVDA,C,beta_gate_fail,1.5127443995929843
2025-06-30,NVDA,C,beta_gate_fail,1.5134582759534125
2025-07-01,NVDA,C,beta_gate_fail,1.5237461268613768
2025-07-02,NVDA,C,beta_gate_fail,1.5706590501795052
2025-07-03,NVDA,C,beta_gate_fail,1.575495357197766
2025-07-07,NVDA,C,beta_gate_fail,1.5876070143094034
2025-07-08,NVDA,C,beta_gate_fail,1.595499333382967
2025-07-09,NVDA,C,beta_gate_fail,1.6246054157314198
2025-07-10,NVDA,C,beta_gate_fail,1.6219087788921678
2025-07-11,NVDA,C,beta_gate_fail,1.622602347727262
2025-07-14,NVDA,C,beta_gate_fail,1.623992371089513
2025-07-15,NVDA,C,beta_gate_fail,1.5103167853343382
2025-07-18,NVDA,C,beta_gate_fail,1.5068305544841563
2025-07-21,NVDA,C,beta_gate_fail,1.5027575076545063
2025-07-22,NVDA,C,beta_gate_fail,1.5860060490032721
2025-07-23,NVDA,C,beta_gate_fail,1.551617293708835
2025-07-24,NVDA,C,beta_gate_fail,1.5353158275588514
2025-07-25,NVDA,C,beta_gate_fail,1.5439261050184974
2025-07-28,NVDA,C,beta_gate_fail,1.5412604838551804
2025-07-29,NVDA,C,beta_gate_fail,1.5436676875487887
2025-07-30,NVDA,C,beta_gate_fail,1.5468128512284034
2025-07-31,NVDA,C,beta_gate_fail,1.5501600830034434
2025-08-01,NVDA,C,beta_gate_fail,1.5582612250965349
2025-08-04,NVDA,C,beta_gate_fail,1.5630008645325846
2025-08-05,NVDA,C,beta_gate_fail,1.5914346425874137
2025-08-06,NVDA,C,beta_gate_fail,1.5525689770987625
2025-08-07,NVDA,C,beta_gate_fail,1.6759184911752647
2025-08-08,NVDA,C,beta_gate_fail,1.556071229013362
2025-08-11,NVDA,C,beta_gate_fail,1.5216573383740766
2025-08-19,NVDA,C,beta_gate_fail,1.5433592851323932
2025-08-20,NVDA,C,beta_gate_fail,1.5312708997662883
2025-08-21,NVDA,C,beta_gate_fail,1.5705180662386593
2025-08-22,NVDA,C,beta_gate_fail,1.5299450280733422
2025-08-25,NVDA,C,beta_gate_fail,1.50959614222057
2025-09-02,NVDA,C,beta_gate_fail,1.5051155106574439
2025-09-18,NVDA,C,beta_gate_fail,1.5415282514392454
2025-09-19,NVDA,C,beta_gate_fail,1.5150265558303229
2025-09-22,NVDA,C,beta_gate_fail,1.5776044120286075
2025-09-23,NVDA,C,beta_gate_fail,1.6203261820804338
2025-09-24,NVDA,C,beta_gate_fail,1.6388125044794528
2025-09-25,NVDA,C,beta_gate_fail,1.5611776042559347
2025-09-26,NVDA,C,beta_gate_fail,1.5276562675510774
2025-09-29,NVDA,C,beta_gate_fail,1.549083788704148
2025-09-30,NVDA,C,beta_gate_fail,1.5696987703456022
2025-10-01,NVDA,C,beta_gate_fail,1.56792497321156
2025-10-02,NVDA,C,beta_gate_fail,1.556764799287082
2025-10-03,NVDA,C,beta_gate_fail,1.567897496761037
2025-10-06,NVDA,C,beta_gate_fail,1.5263967906182463
2025-10-07,NVDA,C,beta_gate_fail,1.5198006657668777
2025-10-08,NVDA,C,beta_gate_fail,1.5420548749780718
2025-10-09,NVDA,C,beta_gate_fail,1.5230932120537417
2025-10-14,NVDA,C,beta_gate_fail,1.5446674072247801
2025-10-15,NVDA,C,beta_gate_fail,1.5064705877977096
2025-11-04,NVDA,C,beta_gate_fail,1.5384892938816945
2025-11-05,NVDA,C,beta_gate_fail,1.5369684918286535
2025-11-06,NVDA,C,beta_gate_fail,1.560912679658595
2025-11-07,NVDA,C,beta_gate_fail,1.5580617191109922
2025-11-10,NVDA,C,beta_gate_fail,1.642657927588409
2025-11-11,NVDA,C,beta_gate_fail,1.6617479715040633
2025-11-12,NVDA,C,beta_gate_fail,1.62865133466191
2025-11-13,NVDA,C,beta_gate_fail,1.6461877332062056
2025-11-14,NVDA,C,beta_gate_fail,1.6491595999580064
2025-11-17,NVDA,C,beta_gate_fail,1.6755873862341184
2025-11-18,NVDA,C,beta_gate_fail,1.7040271696179694
2025-11-19,NVDA,C,beta_gate_fail,1.7192833550418745
2025-11-20,NVDA,C,beta_gate_fail,1.6844200633729538
2025-11-21,NVDA,C,beta_gate_fail,1.6743361122536562
2025-11-24,NVDA,C,beta_gate_fail,1.5797888586143594
2025-11-25,NVDA,C,beta_gate_fail,1.5469596442422966
2025-11-26,NVDA,C,beta_gate_fail,1.5582915292212287
2025-11-28,NVDA,C,beta_gate_fail,1.5383956569034438
2025-12-01,NVDA,C,beta_gate_fail,1.525319434672433
2025-12-02,NVDA,C,beta_gate_fail,1.5215185397239457
2025-12-03,NVDA,C,beta_gate_fail,1.5167421363337048
2025-12-04,NVDA,C,beta_gate_fail,1.513229011424997
2025-12-05,NVDA,C,beta_gate_fail,1.5140441110118732
2025-12-08,NVDA,C,beta_gate_fail,1.5049477998205167
2025-12-09,NVDA,C,beta_gate_fail,1.5180526451324448
2025-12-10,NVDA,C,beta_gate_fail,1.5086565920488448
2025-12-11,NVDA,C,beta_gate_fail,1.5048966625504296
2025-12-19,NVDA,C,beta_gate_fail,1.5072384686087068
2025-12-22,NVDA,C,beta_gate_fail,1.5121582481838358
2025-12-23,NVDA,C,beta_gate_fail,1.51741299596493
2025-12-24,NVDA,C,beta_gate_fail,1.5114839675358827
2025-12-26,NVDA,C,beta_gate_fail,1.5138287376487345
2025-12-29,NVDA,C,beta_gate_fail,1.515044919446885
2025-12-30,NVDA,C,beta_gate_fail,1.5152127428958126
2025-12-31,NVDA,C,beta_gate_fail,1.5275156377197123
2026-01-02,NVDA,C,beta_gate_fail,1.527030823898194
2026-01-05,NVDA,C,beta_gate_fail,1.5049123761324774
2026-01-07,NVDA,C,beta_gate_fail,1.5084578409077884
2026-01-08,NVDA,C,beta_gate_fail,1.5306142266935499
2026-01-15,NVDA,C,beta_gate_fail,1.5353320869302731
2026-01-16,NVDA,C,beta_gate_fail,1.5353747170951582
2026-01-20,NVDA,C,beta_gate_fail,1.58489999075892
2026-01-21,NVDA,C,beta_gate_fail,1.6038030215156285
2026-01-22,NVDA,C,beta_gate_fail,1.5905240008077695
2026-01-23,NVDA,C,beta_gate_fail,1.5983362344295249
2026-01-26,NVDA,C,beta_gate_fail,1.5413279261109072
2026-01-27,NVDA,C,beta_gate_fail,1.5215640421393117
2026-01-28,NVDA,C,beta_gate_fail,1.5399864701824577
2026-01-29,NVDA,C,beta_gate_fail,1.533328635609147
2026-02-09,NVDA,C,beta_gate_fail,1.5232443889124385
2026-02-10,NVDA,C,beta_gate_fail,1.524382446608842
2026-02-11,NVDA,C,beta_gate_fail,1.5099747664905483
2026-02-26,NVDA,C,beta_gate_fail,1.5842649067007015
2026-02-27,NVDA,C,beta_gate_fail,1.615636728200994
2026-03-02,NVDA,C,beta_gate_fail,1.631235275482976
2026-03-03,NVDA,C,beta_gate_fail,1.6337434298915599
2026-03-04,NVDA,C,beta_gate_fail,1.6118645726990675
2026-03-05,NVDA,C,beta_gate_fail,1.6206433307142711
2026-03-06,NVDA,C,beta_gate_fail,1.644070055307696
2026-03-09,NVDA,C,beta_gate_fail,1.6588081266762424
2026-03-10,NVDA,C,beta_gate_fail,1.670443602020301
2026-03-11,NVDA,C,beta_gate_fail,1.6657904995103363
2026-03-12,NVDA,C,beta_gate_fail,1.6248263977260138
2026-03-13,NVDA,C,beta_gate_fail,1.6417612415659202
2026-03-16,NVDA,C,beta_gate_fail,1.6327399098730422
2026-03-17,NVDA,C,beta_gate_fail,1.5941123281538336
2026-03-18,NVDA,C,beta_gate_fail,1.579241221958588
2026-03-19,NVDA,C,beta_gate_fail,1.5329908188928523
