trade_id,symbol,combo,direction,signal_bar,signal_close,atr_at_signal,entry_bar,entry_price,shares,stop_loss,risk_amount,equity_at_entry,exit_bar,exit_price,exit_reason,gross_pnl,commission,net_pnl,net_pnl_pct,won,period
1,NVDA,C,LONG,2024-04-17 11:15:00-04:00,806.228194929571,5.981508981027089,2024-04-17 11:30:00-04:00,806.6313090270357,1.5497,800.6498,50.0,4999.0,2024-04-17 11:30:00-04:00,800.2495,SL,-9.8896,1.0,-10.8896,-0.002178,False,all
2,NVDA,C,SHORT,2024-05-03 09:45:00-04:00,836.0354939101693,6.394736254482752,2024-05-03 10:00:00-04:00,835.6174761632143,1.4923,842.0122,49.88,4987.11,2024-05-03 10:00:00-04:00,840.2155,SL,-6.8618,1.0,-7.8618,-0.001576,False,all
3,NVDA,C,SHORT,2024-05-06 13:00:00-04:00,866.7824922704291,6.266552264294846,2024-05-06 13:15:00-04:00,866.3491010242939,1.4368,872.6157,49.79,4978.25,2024-05-06 13:30:00-04:00,873.052,SL,-9.631,1.0,-10.631,-0.002135,False,all
4,NVDA,C,SHORT,2024-05-20 12:45:00-04:00,857.0985807583326,6.255566551358885,2024-05-20 13:00:00-04:00,856.6700314679534,1.4497,862.9256,49.68,4966.62,2024-05-20 14:15:00-04:00,858.0779,TIME,-2.041,1.0,-3.041,-0.000612,False,all
5,NVDA,C,LONG,2024-06-12 09:45:00-04:00,1001.6328564596025,7.442247218082931,2024-06-12 10:00:00-04:00,1002.1336728878323,1.2383,994.6914,49.64,4962.58,2024-06-12 10:00:00-04:00,994.1941,SL,-9.8312,1.0,-10.8312,-0.002183,False,all
6,NVDA,C,SHORT,2024-06-27 15:00:00-04:00,1085.235519600532,7.020272578453378,2024-06-27 15:15:00-04:00,1084.6929018407318,1.1413,1091.7132,49.52,4950.75,2024-06-27 15:45:00-04:00,1082.8956,EOD,2.0513,1.0,1.0513,0.000212,True,all
7,NVDA,C,SHORT,2024-06-28 09:45:00-04:00,1098.5462474597787,7.159040214583031,2024-06-28 10:00:00-04:00,1097.9969743360489,1.1275,1105.156,49.52,4950.8,2024-06-28 10:30:00-04:00,1087.5605,TP,11.7667,1.0,10.7667,0.002175,True,all
8,NVDA,C,SHORT,2024-07-12 14:00:00-04:00,1383.9902471441853,11.387273806099085,2024-07-12 14:15:00-04:00,1383.2982520206133,0.8967,1394.6855,49.62,4960.56,2024-07-12 14:30:00-04:00,1395.3829,SL,-10.8362,1.0,-11.8362,-0.002386,False,all
9,NVDA,C,LONG,2024-07-24 12:15:00-04:00,1377.1846983598036,10.966923312846033,2024-07-24 12:30:00-04:00,1377.8732907089834,0.8979,1366.9064,49.49,4947.73,2024-07-24 12:30:00-04:00,1390.9562,TP,11.747,1.0,10.747,0.002172,True,all
10,NVDA,C,SHORT,2024-08-12 13:15:00-04:00,1400.6784090706426,12.909866419336094,2024-08-12 13:30:00-04:00,1399.9780698661073,0.8855,1412.8879,49.58,4957.47,2024-08-12 13:30:00-04:00,1413.5944,SL,-12.0566,1.0,-13.0566,-0.002634,False,all
11,NVDA,C,SHORT,2024-08-29 11:15:00-04:00,1196.7953613750458,7.9616292819500885,2024-08-29 11:30:00-04:00,1196.1969636943584,1.0334,1204.1586,49.44,4943.42,2024-08-29 11:45:00-04:00,1184.8271,TP,11.7492,1.0,10.7492,0.002174,True,all
12,NVDA,C,SHORT,2024-08-29 15:45:00-04:00,1210.6570825782132,8.892740327205379,2024-08-30 09:30:00-04:00,1210.0517540369242,1.0235,1218.9445,49.54,4953.17,2024-08-30 10:45:00-04:00,1208.9983,TIME,1.0783,1.0,0.0783,1.6e-05,True,all
13,NVDA,C,SHORT,2024-08-30 12:45:00-04:00,1223.093732301489,8.563384014007985,2024-08-30 13:00:00-04:00,1222.4821854353381,1.0129,1231.0456,49.53,4952.25,2024-08-30 13:15:00-04:00,1210.8625,TP,11.7701,1.0,10.7701,0.002175,True,all
14,NVDA,C,SHORT,2024-09-19 12:15:00-04:00,1179.6842058692962,8.659675990301702,2024-09-19 12:30:00-04:00,1179.0943637663615,1.0523,1187.754,49.63,4962.02,2024-09-19 13:00:00-04:00,1185.5823,SL,-6.8272,1.0,-7.8272,-0.001577,False,all
15,NVDA,C,LONG,2024-09-24 15:30:00-04:00,1162.1374226650726,7.138284396938113,2024-09-24 15:45:00-04:00,1162.718491376405,1.0652,1155.5802,49.54,4953.19,2024-09-24 15:45:00-04:00,1155.0024,SL,-8.2193,1.0,-9.2193,-0.001861,False,all
16,NVDA,C,LONG,2024-10-28 13:45:00-04:00,1059.6905326229005,8.09238531568949,2024-10-28 14:00:00-04:00,1060.220377889212,1.1658,1052.128,49.44,4942.97,2024-10-28 15:15:00-04:00,1064.8589,TIME,5.4075,1.0,4.4075,0.000892,True,all
17,NVDA,C,SHORT,2024-10-29 14:00:00-04:00,1123.815459705714,9.497106543276015,2024-10-29 14:15:00-04:00,1123.2535519758612,1.1011,1132.7507,49.47,4946.38,2024-10-29 14:30:00-04:00,1133.317,SL,-11.0812,1.0,-12.0812,-0.002442,False,all
18,NVDA,C,LONG,2024-10-30 12:45:00-04:00,1132.2232789228963,9.830728017476861,2024-10-30 13:00:00-04:00,1132.7893905623578,1.089,1122.9587,49.34,4933.29,2024-10-30 13:30:00-04:00,1143.5452,TP,11.7128,1.0,10.7128,0.002172,True,all
19,NVDA,C,SHORT,2024-11-07 10:00:00-05:00,1131.6602505299597,8.163070227515538,2024-11-07 10:15:00-05:00,1131.0944204046948,1.0927,1139.2575,49.44,4943.01,2024-11-07 11:15:00-05:00,1139.8271,SL,-9.5426,1.0,-10.5426,-0.002133,False,all
20,NVDA,C,LONG,2024-11-11 15:00:00-05:00,1042.342597081415,8.265937641889252,2024-11-11 15:15:00-05:00,1042.8637683799557,1.1824,1034.5978,49.32,4931.47,2024-11-11 15:30:00-05:00,1037.1306,SL,-6.7791,1.0,-7.7791,-0.001577,False,all
21,NVDA,C,SHORT,2024-11-13 14:00:00-05:00,1029.2706731756496,8.559845065754175,2024-11-13 14:15:00-05:00,1028.7560378390617,1.1965,1037.3159,49.24,4922.69,2024-11-13 14:30:00-05:00,1037.8345,SL,-10.8626,1.0,-11.8626,-0.00241,False,all
22,NVDA,C,SHORT,2024-11-19 10:45:00-05:00,1079.215379295818,8.058186223094962,2024-11-19 11:00:00-05:00,1078.67577160617,1.1382,1086.734,49.11,4909.82,2024-11-19 11:30:00-05:00,1084.6112,SL,-6.7555,1.0,-7.7555,-0.00158,False,all
23,NVDA,C,SHORT,2024-11-21 12:15:00-05:00,1119.0677448225188,8.030444242003218,2024-11-21 12:30:00-05:00,1118.5082109501075,1.0957,1126.5387,49.02,4901.07,2024-11-21 12:45:00-05:00,1107.8768,TP,11.6485,1.0,10.6485,0.002173,True,all
24,NVDA,C,LONG,2024-11-27 13:45:00-05:00,1112.8956959275092,8.60326622633618,2024-11-27 14:00:00-05:00,1113.452143775473,1.1028,1104.8489,49.12,4910.72,2024-11-27 15:15:00-05:00,1113.6015,TIME,0.1647,1.0,-0.8353,-0.00017,False,all
25,NVDA,C,SHORT,2024-11-29 12:30:00-05:00,1164.0815442146486,8.916181850342573,2024-11-29 12:45:00-05:00,1163.4995034425413,1.055,1172.4157,49.1,4908.88,2024-11-29 12:45:00-05:00,1173.0019,SL,-10.0248,1.0,-11.0248,-0.002246,False,all
26,NVDA,C,SHORT,2024-11-29 13:00:00-05:00,1171.7159813454844,8.777417616858889,2024-11-29 13:15:00-05:00,1171.1301233548118,1.0455,1179.9075,48.98,4896.86,2024-11-29 14:15:00-05:00,1177.5743,SL,-6.7376,1.0,-7.7376,-0.00158,False,all
27,NVDA,C,LONG,2024-12-02 11:00:00-05:00,1135.62299640681,9.17881943014225,2024-12-02 11:15:00-05:00,1136.1908079050133,1.0758,1127.012,48.89,4888.12,2024-12-02 11:45:00-05:00,1146.9789,TP,11.6055,1.0,10.6055,0.00217,True,all
28,NVDA,C,SHORT,2024-12-03 10:30:00-05:00,1173.4592811943887,9.43262480436279,2024-12-03 10:45:00-05:00,1172.8725515537915,1.0442,1182.3052,48.99,4897.72,2024-12-03 10:45:00-05:00,1182.8963,SL,-10.4666,1.0,-11.4666,-0.002341,False,all
29,NVDA,C,LONG,2024-12-16 15:15:00-05:00,1275.4592488457063,8.994531329173494,2024-12-16 15:30:00-05:00,1276.096978470129,0.9573,1267.1024,48.86,4885.26,2024-12-16 15:45:00-05:00,1274.7637,EOD,-1.2763,1.0,-2.2763,-0.000466,False,all
30,NVDA,C,SHORT,2024-12-31 14:45:00-05:00,1627.241836346616,11.919871524149743,2024-12-31 15:00:00-05:00,1626.4282154284429,0.7506,1638.3481,48.83,4881.98,2024-12-31 15:00:00-05:00,1639.1673,SL,-9.5615,1.0,-10.5615,-0.002163,False,all
31,NVDA,C,LONG,2025-01-02 12:15:00-05:00,1540.8214655062638,13.154387887751597,2025-01-02 12:30:00-05:00,1541.591876239017,0.79,1528.4375,48.71,4870.42,2025-01-02 13:00:00-05:00,1556.2293,TP,11.5635,1.0,10.5635,0.002169,True,all
32,NVDA,C,LONG,2025-01-28 10:30:00-05:00,1825.9308120006892,12.699418488165396,2025-01-28 10:45:00-05:00,1826.8437774066895,0.668,1814.1444,48.81,4879.98,2025-01-28 10:45:00-05:00,1844.1897,TP,11.5862,1.0,10.5862,0.002169,True,all
33,NVDA,C,LONG,2025-02-04 13:30:00-05:00,1835.4966412019435,13.71631680904859,2025-02-04 13:45:00-05:00,1836.4143895225443,0.6658,1822.6981,48.91,4889.57,2025-02-04 14:15:00-05:00,1853.8511,TP,11.609,1.0,10.609,0.00217,True,all
34,NVDA,C,SHORT,2025-02-14 14:45:00-05:00,2009.8895053869494,16.414090491411773,2025-02-14 15:00:00-05:00,2008.884560634256,0.6098,2025.2987,49.0,4899.18,2025-02-14 15:00:00-05:00,2026.3113,SL,-10.6271,1.0,-11.6271,-0.002373,False,all
35,NVDA,C,SHORT,2025-02-27 13:15:00-05:00,2298.432104344413,17.697665207598405,2025-02-27 13:30:00-05:00,2297.282888292241,0.5319,2314.9806,48.88,4886.55,2025-02-27 14:45:00-05:00,2307.8601,TIME,-5.6258,1.0,-6.6258,-0.001356,False,all
36,NVDA,C,SHORT,2025-03-07 11:30:00-05:00,2699.2741194206155,18.75548635768784,2025-03-07 11:45:00-05:00,2697.9244823609056,0.4522,2716.68,48.8,4878.93,2025-03-07 12:00:00-05:00,2672.2807,TP,11.5959,1.0,10.5959,0.002172,True,all
37,NVDA,C,LONG,2025-03-11 13:30:00-04:00,2817.2526525648445,19.75968331811253,2025-03-11 13:45:00-04:00,2818.6612788911266,0.4337,2798.9016,48.9,4888.52,2025-03-11 13:45:00-04:00,2803.1657,SL,-6.72,1.0,-7.72,-0.001579,False,all
38,NVDA,C,LONG,2025-03-21 15:45:00-04:00,2783.659145034232,21.16976337426768,2025-03-24 09:30:00-04:00,2785.050974606749,0.4381,2763.8812,48.81,4879.8,2025-03-24 10:45:00-04:00,2800.0196,TIME,6.5581,1.0,5.5581,0.001139,True,all
39,NVDA,C,LONG,2025-03-27 11:15:00-04:00,2672.9927613907753,22.207515535148268,2025-03-27 11:30:00-04:00,2674.3292577714706,0.4567,2652.1217,48.85,4884.36,2025-03-27 11:45:00-04:00,2659.6271,SL,-6.7143,1.0,-7.7143,-0.001579,False,all
40,NVDA,C,LONG,2025-04-16 13:15:00-04:00,3098.694900014199,21.349940191049523,2025-04-16 13:30:00-04:00,3100.2442474642057,0.3932,3078.8943,48.77,4875.65,2025-04-16 14:00:00-04:00,3077.3549,SL,-9.0012,1.0,-10.0012,-0.002051,False,all
41,NVDA,C,SHORT,2025-04-21 13:45:00-04:00,2830.848213511787,19.16316615761962,2025-04-21 14:00:00-04:00,2829.432789405031,0.4299,2848.596,48.66,4864.64,2025-04-21 14:30:00-04:00,2850.0203,SL,-8.8508,1.0,-9.8508,-0.002025,False,all
42,NVDA,C,SHORT,2025-05-26 11:30:00-04:00,2783.418974406202,22.032217929569594,2025-05-26 11:45:00-04:00,2782.0272649189988,0.4363,2804.0595,48.55,4853.79,2025-05-26 12:00:00-04:00,2755.5841,TP,11.5362,1.0,10.5362,0.002171,True,all
43,NVDA,C,SHORT,2025-06-03 13:00:00-04:00,2973.8728306920034,21.67649737337784,2025-06-03 13:15:00-04:00,2972.3858942766574,0.4091,2994.0624,48.64,4863.33,2025-06-03 13:45:00-04:00,2995.5594,SL,-9.4809,1.0,-10.4809,-0.002155,False,all
44,NVDA,C,LONG,2025-06-13 11:15:00-04:00,3107.4260878364817,24.012567031860534,2025-06-13 11:30:00-04:00,3108.9798008803996,0.3902,3084.9672,48.53,4851.85,2025-06-13 11:45:00-04:00,3138.4996,TP,11.5195,1.0,10.5195,0.002168,True,all
45,NVDA,C,SHORT,2025-06-27 14:45:00-04:00,3455.3866728590797,23.719928288787234,2025-06-27 15:00:00-04:00,3453.6589795226505,0.352,3477.3789,48.62,4861.37,2025-06-27 15:15:00-04:00,3479.1176,SL,-8.9607,1.0,-9.9607,-0.002049,False,all
46,NVDA,C,SHORT,2025-07-08 11:00:00-04:00,3895.7962792519756,31.1387561915223,2025-07-08 11:15:00-04:00,3893.8483811123497,0.3115,3924.9871,48.51,4850.41,2025-07-08 11:15:00-04:00,3926.9496,SL,-10.3103,1.0,-11.3103,-0.002332,False,all
47,NVDA,C,SHORT,2025-07-08 11:30:00-04:00,3919.477641027052,31.919486339338167,2025-07-08 11:45:00-04:00,3917.5179022065386,0.3088,3949.4374,48.39,4838.1,2025-07-08 12:00:00-04:00,3951.4121,SL,-10.4669,1.0,-11.4669,-0.00237,False,all
48,NVDA,C,SHORT,2025-07-24 15:15:00-04:00,4278.157321810262,35.254990787773274,2025-07-24 15:30:00-04:00,4276.018243149358,0.2822,4311.2732,48.27,4825.63,2025-07-24 15:45:00-04:00,4293.4927,EOD,-4.9311,1.0,-5.9311,-0.001229,False,all
49,NVDA,C,SHORT,2025-07-28 15:45:00-04:00,4374.069637547532,32.86431895772224,2025-07-29 09:30:00-04:00,4371.882602728759,0.2756,4404.7469,48.2,4818.7,2025-07-29 10:00:00-04:00,4406.9493,SL,-9.6647,1.0,-10.6647,-0.002213,False,all
50,NVDA,C,SHORT,2025-08-08 11:45:00-04:00,4793.621246717482,39.585624891199345,2025-08-08 12:00:00-04:00,4791.224436094123,0.2509,4830.8101,48.08,4807.03,2025-08-08 12:30:00-04:00,4833.2255,SL,-10.5371,1.0,-11.5371,-0.0024,False,all
51,NVDA,C,LONG,2025-08-11 11:45:00-04:00,4828.531114218416,38.84759242719675,2025-08-11 12:00:00-04:00,4830.945379775525,0.2482,4792.0978,47.95,4794.5,2025-08-11 13:00:00-04:00,4873.3325,BB_MID,10.519,1.0,9.519,0.001985,True,all
52,NVDA,C,SHORT,2025-08-13 14:15:00-04:00,4997.703913887534,36.33408898861631,2025-08-13 14:30:00-04:00,4995.205061930591,0.2404,5031.5392,48.04,4803.02,2025-08-13 15:00:00-04:00,5022.6912,SL,-6.6085,1.0,-7.6085,-0.001584,False,all
53,NVDA,C,LONG,2025-08-18 11:00:00-04:00,5576.766429844049,40.4260668550478,2025-08-18 11:15:00-04:00,5579.5548130589705,0.2149,5539.1287,47.95,4794.41,2025-08-18 11:45:00-04:00,5536.3592,SL,-9.2812,1.0,-10.2812,-0.002144,False,all
54,NVDA,C,LONG,2025-09-01 12:30:00-04:00,5018.213513861656,34.0044526306338,2025-09-01 12:45:00-04:00,5020.722620618586,0.2382,4986.7182,47.84,4783.13,2025-09-01 14:00:00-04:00,5063.0622,BB_MID,10.0861,1.0,9.0861,0.0019,True,all
55,NVDA,C,SHORT,2025-09-23 14:00:00-04:00,5407.098335497563,42.035690922801344,2025-09-23 14:15:00-04:00,5404.394786329814,0.2217,5446.4305,47.92,4791.21,2025-09-23 15:30:00-04:00,5360.921,TIME,9.6373,1.0,8.6373,0.001803,True,all
56,NVDA,C,SHORT,2025-09-24 10:45:00-04:00,5462.947625348857,37.402024843166295,2025-09-24 11:00:00-04:00,5460.216151536183,0.2198,5497.6182,48.0,4798.85,2025-09-24 11:00:00-04:00,5500.367,SL,-8.8237,1.0,-9.8237,-0.002047,False,all
57,NVDA,C,LONG,2025-09-26 11:00:00-04:00,5622.3008303969045,44.97826765541582,2025-09-26 11:15:00-04:00,5625.111980812103,0.2128,5580.1337,47.89,4788.03,2025-09-26 11:15:00-04:00,5594.1879,SL,-6.5819,1.0,-7.5819,-0.001584,False,all
58,NVDA,C,LONG,2025-10-01 11:30:00-04:00,5212.378541884248,42.43848553989359,2025-10-01 11:45:00-04:00,5214.98473115519,0.2292,5172.5462,47.8,4779.44,2025-10-01 12:00:00-04:00,5169.96,SL,-10.3183,1.0,-11.3183,-0.002368,False,all
59,NVDA,C,SHORT,2025-10-13 09:30:00-04:00,5220.311970645541,41.92391992113703,2025-10-13 09:45:00-04:00,5217.701814660219,0.2285,5259.6257,47.68,4767.13,2025-10-13 10:15:00-04:00,5168.1076,TP,11.3303,1.0,10.3303,0.002167,True,all
60,NVDA,C,SHORT,2025-10-20 11:15:00-04:00,6222.711946205081,50.93307261782318,2025-10-20 11:30:00-04:00,6219.600590231979,0.192,6270.5337,47.77,4776.46,2025-10-20 11:45:00-04:00,6253.8239,SL,-6.572,1.0,-7.572,-0.001585,False,all
61,NVDA,C,LONG,2025-10-22 11:15:00-04:00,6183.961977896746,50.282862371426745,2025-10-22 11:30:00-04:00,6187.053958885695,0.1927,6136.7711,47.69,4767.88,2025-10-22 11:45:00-04:00,6245.8,TP,11.3201,1.0,10.3201,0.002165,True,all
62,NVDA,C,LONG,2025-10-27 10:15:00-04:00,6103.008924495575,42.13310292330789,2025-10-27 10:30:00-04:00,6106.060428957822,0.1956,6063.9273,47.78,4777.2,2025-10-27 11:15:00-04:00,6060.8954,SL,-8.8358,1.0,-9.8358,-0.002059,False,all
63,NVDA,C,LONG,2025-10-29 13:15:00-04:00,6095.891666581025,46.927115467098666,2025-10-29 13:30:00-04:00,6098.939612414315,0.1954,6052.0125,47.67,4766.37,2025-10-29 14:00:00-04:00,6156.849,TP,11.3165,1.0,10.3165,0.002164,True,all
64,NVDA,C,SHORT,2025-11-18 12:00:00-05:00,6335.439913297636,44.33081329627505,2025-11-18 12:15:00-05:00,6332.2721933409875,0.1886,6376.603,47.77,4775.69,2025-11-18 12:45:00-05:00,6272.0839,TP,11.3506,1.0,10.3506,0.002167,True,all
65,NVDA,C,LONG,2025-11-20 14:15:00-05:00,6517.980613726418,47.8297325243239,2025-11-20 14:30:00-05:00,6521.239604033281,0.1835,6473.4099,47.86,4785.04,2025-11-20 14:45:00-05:00,6485.3891,SL,-6.5778,1.0,-7.5778,-0.001584,False,all
66,NVDA,C,LONG,2025-11-26 12:15:00-05:00,7119.092618580916,62.4329520787423,2025-11-26 12:30:00-05:00,7122.652164890206,0.1677,7060.2192,47.77,4776.46,2025-11-26 13:45:00-05:00,7124.1105,TIME,0.2445,1.0,-0.7555,-0.000158,False,all
67,NVDA,C,SHORT,2025-12-03 10:00:00-05:00,7608.000301222857,60.35737435796654,2025-12-03 10:15:00-05:00,7604.196301072247,0.157,7664.5537,47.76,4774.7,2025-12-03 10:45:00-05:00,7531.9184,TP,11.3483,1.0,10.3483,0.002167,True,all
68,NVDA,C,LONG,2025-12-08 09:30:00-05:00,7954.086706708761,61.968259003166786,2025-12-08 09:45:00-05:00,7958.063750062115,0.1503,7896.0955,47.85,4784.05,2025-12-08 10:15:00-05:00,8033.6256,TP,11.3585,1.0,10.3585,0.002165,True,all
69,NVDA,C,LONG,2025-12-19 13:30:00-05:00,8460.957673952724,55.219873733141135,2025-12-19 13:45:00-05:00,8465.1881527897,0.1416,8409.9683,47.94,4793.41,2025-12-19 14:15:00-05:00,8545.5651,TP,11.3807,1.0,10.3807,0.002166,True,all
70,NVDA,C,LONG,2025-12-19 14:45:00-05:00,8335.948826564205,64.72951132704937,2025-12-19 15:00:00-05:00,8340.116800977486,0.144,8275.3873,48.04,4802.79,2025-12-19 15:15:00-05:00,8271.2496,SL,-9.9166,1.0,-10.9166,-0.002273,False,all
71,NVDA,C,SHORT,2025-12-31 10:45:00-05:00,8101.349919869548,73.93652152051166,2025-12-31 11:00:00-05:00,8097.299244909614,0.1479,8171.2358,47.92,4790.87,2025-12-31 11:45:00-05:00,8175.3214,SL,-11.5431,1.0,-12.5431,-0.002618,False,all
72,NVDA,C,SHORT,2026-01-19 13:00:00-05:00,6753.641161354626,47.929021613164146,2026-01-19 13:15:00-05:00,6750.264340773949,0.177,6798.1934,47.78,4777.33,2026-01-19 13:45:00-05:00,6686.1031,TP,11.3545,1.0,10.3545,0.002167,True,all
73,NVDA,C,LONG,2026-01-28 13:30:00-05:00,6698.835071437346,55.78370510722323,2026-01-28 13:45:00-05:00,6702.184488973065,0.1786,6646.4008,47.88,4786.69,2026-01-28 13:45:00-05:00,6765.8217,TP,11.3648,1.0,10.3648,0.002165,True,all
74,NVDA,C,SHORT,2026-02-03 12:45:00-05:00,7445.349701607478,55.93040546573918,2026-02-03 13:00:00-05:00,7441.627026756674,0.1612,7497.5574,47.97,4796.05,2026-02-03 13:30:00-05:00,7501.3062,SL,-9.6177,1.0,-10.6177,-0.002214,False,all
75,NVDA,C,LONG,2026-02-13 12:15:00-05:00,7206.086595864477,54.56192942981971,2026-02-13 12:30:00-05:00,7209.689639162409,0.1659,7155.1277,47.85,4784.43,2026-02-13 12:45:00-05:00,7278.1456,TP,11.3594,1.0,10.3594,0.002165,True,all
76,NVDA,C,SHORT,2026-03-09 09:45:00-04:00,9534.213506956294,70.32690615054314,2026-03-09 10:00:00-04:00,9529.446400202816,0.1258,9599.7733,47.95,4793.79,2026-03-09 10:00:00-04:00,9604.5732,SL,-9.4501,1.0,-10.4501,-0.00218,False,all
77,NVDA,C,SHORT,2026-03-09 10:15:00-04:00,9657.74129589776,73.88879086381623,2026-03-09 10:30:00-04:00,9652.912425249811,0.1239,9726.8012,47.83,4782.34,2026-03-09 10:45:00-04:00,9561.1615,TP,11.3664,1.0,10.3664,0.002168,True,all
78,NVDA,C,SHORT,2026-03-18 09:30:00-04:00,10376.880248056354,69.69095389067073,2026-03-18 09:45:00-04:00,10371.691807932326,0.1155,10441.3828,47.93,4791.71,2026-03-18 11:00:00-04:00,10390.4591,TIME,-2.1681,1.0,-3.1681,-0.000661,False,all
79,NVDA,C,SHORT,2026-03-18 12:30:00-04:00,10446.814860603807,60.66198246539158,2026-03-18 12:45:00-04:00,10441.591453173505,0.1147,10502.2534,47.89,4787.54,2026-03-18 13:00:00-04:00,10507.5046,SL,-7.557,1.0,-8.557,-0.001787,False,all
1,AAPL,C,SHORT,2024-05-01 12:00:00-04:00,244.80850700284319,1.6439286989526012,2024-05-01 12:15:00-04:00,244.68610274934179,5.1086,246.33,50.0,4999.0,2024-05-01 12:45:00-04:00,246.4532,SL,-9.0274,1.0,-10.0274,-0.002006,False,all
2,AAPL,C,LONG,2024-05-31 15:45:00-04:00,261.97501992633585,1.748913831036375,2024-06-03 09:30:00-04:00,262.106007436299,4.7585,260.3571,49.89,4987.97,2024-06-03 10:00:00-04:00,260.2269,SL,-8.9417,1.0,-9.9417,-0.001993,False,all
3,AAPL,C,SHORT,2024-06-11 09:45:00-04:00,256.1297285562676,1.7904586941398928,2024-06-11 10:00:00-04:00,256.00166369198945,4.8613,257.7921,49.78,4977.03,2024-06-11 10:15:00-04:00,257.921,SL,-9.3306,1.0,-10.3306,-0.002076,False,all
4,AAPL,C,SHORT,2024-06-14 15:30:00-04:00,245.71315561338392,1.7151166547940204,2024-06-14 15:45:00-04:00,245.59029903557723,5.0559,247.3054,49.67,4965.7,2024-06-14 15:45:00-04:00,245.878,EOD,-1.4547,1.0,-2.4547,-0.000494,False,all
5,AAPL,C,LONG,2024-06-20 09:30:00-04:00,264.84199118203975,1.8058504285114427,2024-06-20 09:45:00-04:00,264.97441217763077,4.6828,263.1686,49.63,4962.25,2024-06-20 10:00:00-04:00,267.4903,TP,11.7815,1.0,10.7815,0.002173,True,all
6,AAPL,C,SHORT,2024-07-02 13:45:00-04:00,256.0334989008081,2.4756360634350107,2024-07-02 14:00:00-04:00,255.90548215135775,4.8583,258.3811,49.73,4972.03,2024-07-02 14:45:00-04:00,257.3136,SL,-6.841,1.0,-7.841,-0.001577,False,all
7,AAPL,C,SHORT,2024-07-03 15:45:00-04:00,268.37122731700094,2.1112932736326213,2024-07-04 09:30:00-04:00,268.23704170334247,4.6267,270.3483,49.64,4963.19,2024-07-04 09:30:00-04:00,270.4835,SL,-10.3937,1.0,-11.3937,-0.002296,False,all
8,AAPL,C,SHORT,2024-07-04 09:45:00-04:00,270.30117225393036,2.0971765094367742,2024-07-04 10:00:00-04:00,270.1660216678034,4.5822,272.2632,49.52,4950.79,2024-07-04 11:15:00-04:00,268.0256,TIME,9.8079,1.0,8.8079,0.001779,True,all
9,AAPL,C,LONG,2024-07-09 11:45:00-04:00,297.30094578428736,2.3808490748952673,2024-07-09 12:00:00-04:00,297.4495962571795,4.1684,295.0687,49.6,4958.6,2024-07-09 12:15:00-04:00,294.9212,SL,-10.5394,1.0,-11.5394,-0.002327,False,all
10,AAPL,C,SHORT,2024-07-25 12:00:00-04:00,329.16031138657473,2.927816222606469,2024-07-25 12:15:00-04:00,328.99573123088146,3.7592,331.9235,49.47,4946.06,2024-07-25 12:15:00-04:00,332.0895,SL,-11.6302,1.0,-12.6302,-0.002554,False,all
11,AAPL,C,SHORT,2024-09-05 12:45:00-04:00,401.9034625468179,2.739335917820903,2024-09-05 13:00:00-04:00,401.7025108155445,3.0703,404.4418,49.33,4932.43,2024-09-05 13:45:00-04:00,397.8843,TP,11.7231,1.0,10.7231,0.002174,True,all
12,AAPL,C,SHORT,2024-09-18 15:45:00-04:00,391.32190383349325,2.851649592457052,2024-09-19 09:30:00-04:00,391.1262428815765,3.1596,393.9779,49.43,4942.15,2024-09-19 09:45:00-04:00,394.1749,SL,-9.6324,1.0,-10.6324,-0.002151,False,all
13,AAPL,C,SHORT,2024-09-24 13:15:00-04:00,416.72353036702157,3.432463618109604,2024-09-24 13:30:00-04:00,416.51516860183807,2.96,419.9476,49.32,4930.52,2024-09-24 13:30:00-04:00,420.1576,SL,-10.7816,1.0,-11.7816,-0.00239,False,all
14,AAPL,C,LONG,2024-10-01 11:30:00-04:00,377.69829368300157,3.119336384308378,2024-10-01 11:45:00-04:00,377.88714282984307,3.2541,374.7678,49.19,4917.74,2024-10-01 11:45:00-04:00,374.5804,SL,-10.7604,1.0,-11.7604,-0.002391,False,all
15,AAPL,C,LONG,2024-10-16 11:15:00-04:00,388.50855299962507,2.655518492801162,2024-10-16 11:30:00-04:00,388.7028072761249,3.1554,386.0473,49.06,4904.98,2024-10-16 11:30:00-04:00,392.3935,TP,11.6456,1.0,10.6456,0.00217,True,all
16,AAPL,C,LONG,2024-11-01 14:45:00-04:00,438.3005764370551,3.6311273883124824,2024-11-01 15:00:00-04:00,438.5197267252736,2.8024,434.8886,49.16,4914.63,2024-11-01 15:45:00-04:00,438.776,EOD,0.7181,1.0,-0.2819,-5.7e-05,False,all
17,AAPL,C,SHORT,2024-11-13 14:00:00-05:00,486.33308311122954,3.900929264412842,2024-11-13 14:15:00-05:00,486.08991656967396,2.5275,489.9908,49.14,4913.34,2024-11-13 14:30:00-05:00,481.4696,TP,11.6777,1.0,10.6777,0.002173,True,all
18,AAPL,C,SHORT,2024-11-20 11:15:00-05:00,504.1067070823083,3.9147666985420733,2024-11-20 11:30:00-05:00,503.8546537287672,2.4432,507.7694,49.24,4923.02,2024-11-20 12:30:00-05:00,506.6271,SL,-6.7736,1.0,-7.7736,-0.001579,False,all
19,AAPL,C,SHORT,2024-11-27 12:15:00-05:00,484.91801979810054,3.4649519941933784,2024-11-27 12:30:00-05:00,484.6755607882015,2.5353,488.1405,49.15,4914.25,2024-11-27 12:30:00-05:00,488.3846,SL,-9.4036,1.0,-10.4036,-0.002117,False,all
20,AAPL,C,LONG,2024-12-11 10:45:00-05:00,439.3314577589178,3.5479272077332653,2024-12-11 11:00:00-05:00,439.5511234877972,2.7891,436.0032,49.04,4902.84,2024-12-11 11:00:00-05:00,443.7247,TP,11.6405,1.0,10.6405,0.00217,True,all
21,AAPL,C,SHORT,2024-12-23 12:45:00-05:00,413.8895900139772,2.920848695435003,2024-12-23 13:00:00-05:00,413.68264521897026,2.9694,416.6035,49.13,4912.48,2024-12-23 14:00:00-05:00,409.7506,TP,11.6757,1.0,10.6757,0.002173,True,all
22,AAPL,C,SHORT,2024-12-26 15:15:00-05:00,425.64778444274,3.7274136704312117,2024-12-26 15:30:00-05:00,425.4349605505186,2.893,429.1624,49.23,4922.16,2024-12-26 15:45:00-05:00,422.5692,EOD,8.2906,1.0,7.2906,0.001481,True,all
23,AAPL,C,SHORT,2024-12-27 14:45:00-05:00,431.33905956481675,3.595508167010828,2024-12-27 15:00:00-05:00,431.1233900350344,2.8585,434.7189,49.29,4928.45,2024-12-27 15:45:00-05:00,429.7837,EOD,3.8296,1.0,2.8296,0.000574,True,all
24,AAPL,C,SHORT,2024-12-31 12:00:00-05:00,426.2638779694012,3.488155790664546,2024-12-31 12:15:00-05:00,426.0507460304165,2.8936,429.5389,49.31,4930.28,2024-12-31 13:00:00-05:00,429.7537,SL,-10.7148,1.0,-11.7148,-0.002376,False,all
25,AAPL,C,SHORT,2025-01-07 15:15:00-05:00,422.6463788516094,3.3103288092820704,2025-01-07 15:30:00-05:00,422.43505566218363,2.9108,425.7454,49.19,4917.57,2025-01-07 15:45:00-05:00,418.4198,TP,11.6877,1.0,10.6877,0.002173,True,all
26,AAPL,C,LONG,2025-01-13 10:30:00-05:00,430.4100056392588,3.750023469009807,2025-01-13 10:45:00-05:00,430.62521064207846,2.8611,426.8752,49.28,4927.25,2025-01-13 11:00:00-05:00,426.6617,SL,-11.3399,1.0,-12.3399,-0.002504,False,all
27,AAPL,C,SHORT,2025-01-28 10:30:00-05:00,316.96572504218557,2.322109463939514,2025-01-28 10:45:00-05:00,316.8072421796645,3.8785,319.1294,49.15,4913.91,2025-01-28 12:00:00-05:00,313.8986,TIME,11.2809,1.0,10.2809,0.002092,True,all
28,AAPL,C,SHORT,2025-01-28 15:30:00-05:00,320.99181808038463,2.200407260752165,2025-01-28 15:45:00-05:00,320.8313221713445,3.8371,323.0317,49.24,4923.19,2025-01-28 15:45:00-05:00,320.8237,EOD,0.0292,1.0,-0.9708,-0.000197,False,all
29,AAPL,C,SHORT,2025-02-06 12:45:00-05:00,353.4008099055344,2.9107824246679503,2025-02-06 13:00:00-05:00,353.2241095005817,3.4838,356.1349,49.22,4921.22,2025-02-06 13:30:00-05:00,355.1677,SL,-6.7711,1.0,-7.7711,-0.001579,False,all
30,AAPL,C,SHORT,2025-02-11 11:30:00-05:00,378.5369105781193,3.0849135449097957,2025-02-11 11:45:00-05:00,378.3476421228303,3.2467,381.4326,49.13,4912.45,2025-02-11 11:45:00-05:00,380.4295,SL,-6.7591,1.0,-7.7591,-0.001579,False,all
31,AAPL,C,LONG,2025-03-03 11:30:00-05:00,457.8933707044062,3.4172599906009586,2025-03-03 11:45:00-05:00,458.1223173897584,2.6765,454.7051,49.05,4903.69,2025-03-03 11:45:00-05:00,454.4777,SL,-9.7549,1.0,-10.7549,-0.002193,False,all
32,AAPL,C,SHORT,2025-03-11 12:15:00-04:00,430.4178128819169,3.0493112827419253,2025-03-11 12:30:00-04:00,430.202603975476,2.8434,433.2519,48.93,4891.94,2025-03-11 13:30:00-04:00,433.4685,SL,-9.2863,1.0,-10.2863,-0.002103,False,all
33,AAPL,C,LONG,2025-03-18 15:15:00-04:00,494.0357512958103,3.719257536857158,2025-03-18 15:30:00-04:00,494.2827691714582,2.4691,490.5635,48.82,4880.65,2025-03-18 15:45:00-04:00,490.3182,SL,-9.7887,1.0,-10.7887,-0.00221,False,all
34,AAPL,C,LONG,2025-03-21 11:30:00-04:00,478.8401177233132,3.714894362143209,2025-03-21 11:45:00-04:00,479.07953778217484,2.5413,475.3646,48.7,4868.86,2025-03-21 12:00:00-04:00,483.6284,TP,11.5598,1.0,10.5598,0.002169,True,all
35,AAPL,C,SHORT,2025-04-11 10:30:00-04:00,535.3533269537818,4.240230885519597,2025-04-11 10:45:00-04:00,535.0856502903049,2.2797,539.3259,48.79,4878.42,2025-04-11 11:00:00-04:00,539.5955,SL,-10.2814,1.0,-11.2814,-0.002313,False,all
36,AAPL,C,SHORT,2025-04-29 14:00:00-04:00,572.6737291474105,5.293930847345147,2025-04-29 14:15:00-04:00,572.3873922828369,2.1258,577.6813,48.67,4866.14,2025-04-29 14:45:00-04:00,566.9469,TP,11.5655,1.0,10.5655,0.002171,True,all
37,AAPL,C,LONG,2025-05-01 09:30:00-04:00,549.5845656155554,4.766948603393034,2025-05-01 09:45:00-04:00,549.8593578983632,2.2173,545.0924,48.77,4875.71,2025-05-01 10:00:00-04:00,555.0803,TP,11.5761,1.0,10.5761,0.002169,True,all
38,AAPL,C,SHORT,2025-05-06 10:45:00-04:00,600.116024688671,4.001219407151814,2025-05-06 11:00:00-04:00,599.8159666763268,2.0366,603.8172,48.86,4885.28,2025-05-06 12:00:00-04:00,604.1191,SL,-8.7636,1.0,-9.7636,-0.001999,False,all
39,AAPL,C,LONG,2025-05-08 11:15:00-04:00,600.4623357827785,4.601609370204316,2025-05-08 11:30:00-04:00,600.7625669506699,2.0289,596.161,48.76,4874.52,2025-05-08 11:45:00-04:00,597.4599,SL,-6.7008,1.0,-7.7008,-0.00158,False,all
40,AAPL,C,SHORT,2025-05-30 10:15:00-04:00,598.5901209331832,4.026827606850568,2025-05-30 10:30:00-04:00,598.2908258727167,2.0336,602.3177,48.67,4865.82,2025-05-30 11:00:00-04:00,602.6188,SL,-8.8015,1.0,-9.8015,-0.002014,False,all
41,AAPL,C,SHORT,2025-06-02 11:00:00-04:00,615.5282966118334,4.709639087225177,2025-06-02 11:15:00-04:00,615.2205324635275,1.9733,619.9302,48.56,4855.02,2025-06-02 11:45:00-04:00,620.2401,SL,-9.9051,1.0,-10.9051,-0.002246,False,all
42,AAPL,C,SHORT,2025-06-04 10:30:00-04:00,675.0168887463514,5.487284288014542,2025-06-04 10:45:00-04:00,674.6793803019782,1.795,680.1667,48.44,4843.11,2025-06-04 10:45:00-04:00,680.5067,SL,-10.4599,1.0,-11.4599,-0.002366,False,all
43,AAPL,C,LONG,2025-06-17 13:15:00-04:00,694.6842471443421,5.7822241227085,2025-06-17 13:30:00-04:00,695.0315892679142,1.7379,689.2494,48.32,4830.65,2025-06-17 14:00:00-04:00,701.6309,TP,11.4691,1.0,10.4691,0.002167,True,all
44,AAPL,C,SHORT,2025-06-23 10:45:00-04:00,793.3942404492467,5.209441433681309,2025-06-23 11:00:00-04:00,792.9975433290222,1.5262,798.207,48.41,4840.12,2025-06-23 11:00:00-04:00,797.361,SL,-6.6596,1.0,-7.6596,-0.001583,False,all
45,AAPL,C,SHORT,2025-06-23 11:15:00-04:00,796.9139269374323,4.982677589295113,2025-06-23 11:30:00-04:00,796.5154699739636,1.5168,801.4981,48.32,4831.46,2025-06-23 12:15:00-04:00,801.8989,SL,-8.1653,1.0,-9.1653,-0.001897,False,all
46,AAPL,C,SHORT,2025-06-23 12:30:00-04:00,804.2854629209705,4.870244725866671,2025-06-23 12:45:00-04:00,803.8833201895101,1.4997,808.7536,48.22,4821.3,2025-06-23 12:45:00-04:00,809.1579,SL,-7.9103,1.0,-8.9103,-0.001848,False,all
47,AAPL,C,SHORT,2025-06-25 09:45:00-04:00,836.5768647592217,5.908189415216623,2025-06-25 10:00:00-04:00,836.1585763268422,1.4388,842.0668,48.12,4811.39,2025-06-25 10:15:00-04:00,828.2109,TP,11.4354,1.0,10.4354,0.002169,True,all
48,AAPL,C,SHORT,2025-06-25 14:00:00-04:00,835.098968534931,6.611924581004544,2025-06-25 14:15:00-04:00,834.6814190506636,1.4442,841.2933,48.22,4820.82,2025-06-25 15:30:00-04:00,841.714,SL,-10.1565,1.0,-11.1565,-0.002314,False,all
49,AAPL,C,SHORT,2025-07-01 15:00:00-04:00,862.57489633914,6.902651247643164,2025-07-01 15:15:00-04:00,862.1436088909704,1.3947,869.0463,48.1,4808.66,2025-07-01 15:30:00-04:00,853.9489,TP,11.429,1.0,10.429,0.002169,True,all
50,AAPL,C,SHORT,2025-07-30 10:00:00-04:00,1242.1790462738181,10.131184171945254,2025-07-30 10:15:00-04:00,1241.5579567506813,0.9704,1251.6891,48.19,4818.09,2025-07-30 10:15:00-04:00,1248.3896,SL,-6.6293,1.0,-7.6293,-0.001583,False,all
51,AAPL,C,SHORT,2025-08-27 12:45:00-04:00,1502.3184241061517,11.82959484920886,2025-08-27 13:00:00-04:00,1501.5672648940988,0.8009,1513.3969,48.1,4809.46,2025-08-27 13:00:00-04:00,1514.1536,SL,-10.0805,1.0,-11.0805,-0.002304,False,all
52,AAPL,C,SHORT,2025-08-29 12:30:00-04:00,1448.6233022823544,10.787188867676463,2025-08-29 12:45:00-04:00,1447.8989906312133,0.8285,1458.6862,47.98,4797.38,2025-08-29 13:00:00-04:00,1459.4155,SL,-9.5415,1.0,-10.5415,-0.002197,False,all
53,AAPL,C,SHORT,2025-09-02 13:00:00-04:00,1498.3804353748671,11.295619339351619,2025-09-02 13:15:00-04:00,1497.6312451571798,0.7991,1508.9269,47.87,4785.84,2025-09-02 13:45:00-04:00,1483.3963,TP,11.3747,1.0,10.3747,0.002168,True,all
54,AAPL,C,SHORT,2025-09-24 11:00:00-04:00,1429.636333525207,10.858017650013291,2025-09-24 11:15:00-04:00,1428.9215153584444,0.8391,1439.7795,47.96,4795.22,2025-09-24 11:30:00-04:00,1440.4994,SL,-9.7154,1.0,-10.7154,-0.002235,False,all
55,AAPL,C,SHORT,2025-10-16 12:45:00-04:00,1347.1997627881403,10.45873405941765,2025-10-16 13:00:00-04:00,1346.5261629067463,0.8883,1356.9849,47.85,4783.5,2025-10-16 13:00:00-04:00,1357.6634,SL,-9.8933,1.0,-10.8933,-0.002277,False,all
56,AAPL,C,SHORT,2025-11-11 15:00:00-05:00,1367.05940942595,9.845988804587297,2025-11-11 15:15:00-05:00,1366.375879721237,0.8732,1376.2219,47.73,4771.61,2025-11-11 15:45:00-05:00,1373.7377,EOD,-6.4285,1.0,-7.4285,-0.001557,False,all
57,AAPL,C,LONG,2025-11-28 15:30:00-05:00,1371.5777169740352,11.858905122910555,2025-11-28 15:45:00-05:00,1372.263505832522,0.8679,1360.4046,47.64,4763.18,2025-11-28 15:45:00-05:00,1359.7244,SL,-10.8832,1.0,-11.8832,-0.002495,False,all
58,AAPL,C,LONG,2025-12-15 12:00:00-05:00,1511.5998804387664,11.744601262984435,2025-12-15 12:15:00-05:00,1512.3556803789857,0.7854,1500.6111,47.51,4750.3,2025-12-15 12:30:00-05:00,1504.0415,SL,-6.5301,1.0,-7.5301,-0.001585,False,all
59,AAPL,C,LONG,2025-12-16 13:30:00-05:00,1428.9266151623754,10.533820979098326,2025-12-16 13:45:00-05:00,1429.6410784699565,0.8294,1419.1073,47.43,4741.77,2025-12-16 14:45:00-05:00,1443.2155,TP,11.2581,1.0,10.2581,0.002163,True,all
60,AAPL,C,LONG,2025-12-19 11:00:00-05:00,1370.2195946410166,10.606808682990378,2025-12-19 11:15:00-05:00,1370.904704438337,0.8666,1360.2979,47.52,4751.03,2025-12-19 11:30:00-05:00,1383.9214,TP,11.2801,1.0,10.2801,0.002164,True,all
61,AAPL,C,SHORT,2025-12-19 15:45:00-05:00,1420.600528770211,11.1758974702622,2025-12-22 09:30:00-05:00,1419.890228505826,0.8383,1431.0661,47.61,4760.31,2025-12-22 09:30:00-05:00,1431.7817,SL,-9.9689,1.0,-10.9689,-0.002304,False,all
62,AAPL,C,SHORT,2025-12-22 09:45:00-05:00,1433.9720468846676,11.595799450169295,2025-12-22 10:00:00-05:00,1433.2550608612253,0.8284,1444.8509,47.49,4748.34,2025-12-22 10:15:00-05:00,1445.5733,SL,-10.2046,1.0,-11.2046,-0.00236,False,all
63,AAPL,C,SHORT,2025-12-31 14:30:00-05:00,1749.3539077487694,14.321917133038141,2025-12-31 14:45:00-05:00,1748.479230794895,0.6773,1762.8011,47.37,4736.13,2025-12-31 14:45:00-05:00,1758.1002,SL,-6.5165,1.0,-7.5165,-0.001587,False,all
64,AAPL,C,SHORT,2026-01-08 14:00:00-05:00,1813.0525574103774,15.88465724241525,2026-01-08 14:15:00-05:00,1812.1460311316723,0.6524,1828.0307,47.29,4727.62,2026-01-08 14:15:00-05:00,1794.9216,TP,11.2364,1.0,10.2364,0.002165,True,all
65,AAPL,C,SHORT,2026-01-23 13:00:00-05:00,1975.153861875974,15.114339669219143,2026-01-23 13:15:00-05:00,1974.166284945036,0.6,1989.2806,47.38,4736.85,2026-01-23 13:30:00-05:00,1955.4018,TP,11.2583,1.0,10.2583,0.002166,True,all
66,AAPL,C,SHORT,2026-01-27 15:15:00-05:00,1988.0838234229263,17.49666820610791,2026-01-27 15:30:00-05:00,1987.089781511215,0.5972,2004.5864,47.47,4746.11,2026-01-27 15:45:00-05:00,1977.1888,EOD,5.9133,1.0,4.9133,0.001035,True,all
67,AAPL,C,SHORT,2026-02-11 12:30:00-05:00,2098.674998497434,15.02845582996021,2026-02-11 12:45:00-05:00,2097.6256609981856,0.5662,2112.6541,47.51,4750.02,2026-02-11 13:00:00-05:00,2113.7104,SL,-9.1078,1.0,-10.1078,-0.002128,False,all
68,AAPL,C,LONG,2026-02-16 14:30:00-05:00,2133.727922789094,16.78381530739128,2026-02-16 14:45:00-05:00,2134.7947867504886,0.5551,2118.011,47.4,4738.92,2026-02-16 15:45:00-05:00,2134.4262,EOD,-0.2046,1.0,-1.2046,-0.000254,False,all
1,MSFT,C,LONG,2024-04-24 11:00:00-04:00,491.03862879487286,3.9167374117218827,2024-04-24 11:15:00-04:00,491.2841481092703,2.5444,487.3674,50.0,4999.0,2024-04-24 11:15:00-04:00,487.1237,SL,-10.5856,1.0,-11.5856,-0.002318,False,all
2,MSFT,C,LONG,2024-04-30 14:15:00-04:00,464.02722990384905,3.7338111803817187,2024-04-30 14:30:00-04:00,464.25924351880093,2.6857,460.5254,49.87,4986.41,2024-04-30 15:30:00-04:00,460.2952,SL,-10.6462,1.0,-11.6462,-0.002336,False,all
3,MSFT,C,SHORT,2024-05-03 10:00:00-04:00,462.1535181860795,3.1841649368370555,2024-05-03 10:15:00-04:00,461.9224414269865,2.6924,465.1066,49.75,4973.77,2024-05-03 10:45:00-04:00,457.5319,TP,11.8213,1.0,10.8213,0.002176,True,all
4,MSFT,C,LONG,2024-05-08 14:15:00-04:00,451.3199337078338,4.18926735036733,2024-05-08 14:30:00-04:00,451.54559367468767,2.7597,447.3563,49.85,4983.59,2024-05-08 15:45:00-04:00,455.3661,TIME,10.5437,1.0,9.5437,0.001915,True,all
5,MSFT,C,LONG,2024-05-10 09:45:00-04:00,454.97364422640015,3.288258163552548,2024-05-10 10:00:00-04:00,455.20113104851333,2.7423,451.9129,49.93,4992.13,2024-05-10 10:45:00-04:00,459.5233,TP,11.8524,1.0,10.8524,0.002174,True,all
6,MSFT,C,LONG,2024-05-10 15:30:00-04:00,454.3255316268888,3.0298003426781936,2024-05-10 15:45:00-04:00,454.5526943927022,2.7516,451.5229,50.03,5001.99,2024-05-10 15:45:00-04:00,452.7847,EOD,-4.8648,1.0,-5.8648,-0.001173,False,all
7,MSFT,C,LONG,2024-05-16 09:30:00-04:00,438.9604169241031,3.409039044656242,2024-05-16 09:45:00-04:00,439.1798971325651,2.844,435.7709,49.96,4995.12,2024-05-16 10:00:00-04:00,436.7655,SL,-6.8665,1.0,-7.8665,-0.001575,False,all
8,MSFT,C,SHORT,2024-06-28 12:45:00-04:00,559.3483503730151,3.8377411836830078,2024-06-28 13:00:00-04:00,559.0686761978286,2.2302,562.9064,49.87,4986.25,2024-06-28 14:15:00-04:00,563.1879,SL,-9.1865,1.0,-10.1865,-0.002043,False,all
9,MSFT,C,SHORT,2024-07-02 10:00:00-04:00,569.9663975494799,4.449755386571709,2024-07-02 10:15:00-04:00,569.6814143507052,2.1837,574.1312,49.76,4975.07,2024-07-02 11:00:00-04:00,564.2666,TP,11.8244,1.0,10.8244,0.002176,True,all
10,MSFT,C,LONG,2024-07-09 14:15:00-04:00,534.7302975687124,4.338280674533181,2024-07-09 14:30:00-04:00,534.9976627174967,2.3299,530.6594,49.86,4984.89,2024-07-09 14:45:00-04:00,530.3941,SL,-10.7258,1.0,-11.7258,-0.002352,False,all
11,MSFT,C,SHORT,2024-07-18 12:30:00-04:00,590.509537566246,4.134731083180536,2024-07-18 12:45:00-04:00,590.2142827974628,2.1065,594.349,49.73,4972.17,2024-07-18 13:00:00-04:00,594.6462,SL,-9.3358,1.0,-10.3358,-0.002079,False,all
12,MSFT,C,SHORT,2024-07-18 14:45:00-04:00,599.0757095950863,4.5016400278848625,2024-07-18 15:00:00-04:00,598.7761717402888,2.0717,603.2778,49.62,4960.83,2024-07-18 15:15:00-04:00,593.0848,TP,11.7905,1.0,10.7905,0.002175,True,all
13,MSFT,C,SHORT,2024-07-23 10:00:00-04:00,593.2313878487154,4.455266989965036,2024-07-23 10:15:00-04:00,592.9347721547911,2.0962,597.39,49.72,4970.62,2024-07-23 10:15:00-04:00,596.1974,SL,-6.8391,1.0,-7.8391,-0.001577,False,all
14,MSFT,C,SHORT,2024-07-31 10:45:00-04:00,651.484829424243,4.943359566352217,2024-07-31 11:00:00-04:00,651.1590870095309,1.9054,656.1024,49.63,4961.78,2024-07-31 11:00:00-04:00,654.7421,SL,-6.8269,1.0,-7.8269,-0.001577,False,all
15,MSFT,C,SHORT,2024-08-27 11:30:00-04:00,630.9199486260164,5.222210140875501,2024-08-27 11:45:00-04:00,630.6044886517035,1.964,635.8267,49.54,4952.96,2024-08-27 12:00:00-04:00,636.1446,SL,-10.8806,1.0,-11.8806,-0.002399,False,all
16,MSFT,C,SHORT,2024-09-16 13:15:00-04:00,994.6802513791619,7.87932491158971,2024-09-16 13:30:00-04:00,994.1829112534723,1.2425,1002.0622,49.41,4940.07,2024-09-16 13:30:00-04:00,1002.5633,SL,-10.4126,1.0,-11.4126,-0.00231,False,all
17,MSFT,C,SHORT,2024-09-16 13:45:00-04:00,1009.4850720745654,8.408636755106807,2024-09-16 14:00:00-04:00,1008.9803295385282,1.2212,1017.389,49.29,4927.66,2024-09-16 14:00:00-04:00,1014.5322,SL,-6.78,1.0,-7.78,-0.001579,False,all
18,MSFT,C,LONG,2024-09-19 11:15:00-04:00,969.6940491714206,6.764845145079385,2024-09-19 11:30:00-04:00,970.1788961960062,1.2678,963.4141,49.2,4918.88,2024-09-19 11:30:00-04:00,962.9323,SL,-9.187,1.0,-10.187,-0.002071,False,all
19,MSFT,C,LONG,2024-09-19 11:45:00-04:00,964.3567964393854,6.856187746752939,2024-09-19 12:00:00-04:00,964.8389748376051,1.2719,957.9828,49.09,4907.69,2024-09-19 12:00:00-04:00,957.5038,SL,-9.3296,1.0,-10.3296,-0.002105,False,all
20,MSFT,C,LONG,2024-09-23 15:00:00-04:00,956.0800260671592,7.721061841313733,2024-09-23 15:15:00-04:00,956.5580660801927,1.2799,948.837,48.97,4896.37,2024-09-23 15:45:00-04:00,955.6979,EOD,-1.101,1.0,-2.101,-0.000429,False,all
21,MSFT,C,SHORT,2024-09-27 15:15:00-04:00,940.2999594495939,7.7727559017592105,2024-09-27 15:30:00-04:00,939.8298094698691,1.3019,947.6026,48.94,4893.26,2024-09-27 15:30:00-04:00,945.0012,SL,-6.7327,1.0,-7.7327,-0.00158,False,all
22,MSFT,C,SHORT,2024-10-09 15:30:00-04:00,1024.5405274838815,7.454725338107544,2024-10-09 15:45:00-04:00,1024.0282572201397,1.1927,1031.483,48.86,4884.53,2024-10-09 15:45:00-04:00,1023.1028,EOD,1.1039,1.0,0.1039,2.1e-05,True,all
23,MSFT,C,LONG,2024-11-11 14:15:00-05:00,1221.270910350932,10.515637559711896,2024-11-11 14:30:00-05:00,1221.8815458061074,0.9994,1211.3659,48.85,4883.64,2024-11-11 15:30:00-05:00,1233.4833,TP,11.5949,1.0,10.5949,0.002169,True,all
24,MSFT,C,SHORT,2024-11-12 15:00:00-05:00,1288.2903898411894,11.842641339028182,2024-11-12 15:15:00-05:00,1287.6462446462688,0.9502,1299.4889,48.94,4893.23,2024-11-12 15:45:00-05:00,1275.5009,EOD,11.5408,1.0,10.5408,0.002154,True,all
25,MSFT,C,LONG,2024-11-28 15:30:00-05:00,1562.7421423423352,11.100693229562648,2024-11-28 15:45:00-05:00,1563.5235134135064,0.7841,1552.4228,49.04,4902.77,2024-11-28 15:45:00-05:00,1555.3451,EOD,-6.4126,1.0,-7.4126,-0.001512,False,all
26,MSFT,C,SHORT,2024-12-02 14:45:00-05:00,1550.3322017024,10.949882995542698,2024-12-02 15:00:00-05:00,1549.557035601549,0.7898,1560.5069,48.95,4894.36,2024-12-02 15:45:00-05:00,1561.2872,SL,-9.2645,1.0,-10.2645,-0.002097,False,all
27,MSFT,C,SHORT,2024-12-04 14:45:00-05:00,1668.4854966449439,16.157845312655166,2024-12-04 15:00:00-05:00,1667.6512538966215,0.7322,1683.8091,48.84,4883.09,2024-12-04 15:45:00-05:00,1663.0294,EOD,3.384,1.0,2.384,0.000488,True,all
28,MSFT,C,SHORT,2024-12-18 15:15:00-05:00,1931.7467318930032,13.77345325663587,2024-12-18 15:30:00-05:00,1930.7808585270568,0.6326,1944.5543,48.85,4884.48,2024-12-18 15:45:00-05:00,1935.8616,EOD,-3.214,1.0,-4.214,-0.000863,False,all
29,MSFT,C,SHORT,2024-12-19 13:00:00-05:00,1954.047226992627,17.560922636927547,2024-12-19 13:15:00-05:00,1953.0702033791308,0.6247,1970.6311,48.8,4879.26,2024-12-19 13:30:00-05:00,1934.5063,TP,11.5967,1.0,10.5967,0.002172,True,all
30,MSFT,C,SHORT,2024-12-27 15:15:00-05:00,1916.6334505127265,14.85691883678734,2024-12-27 15:30:00-05:00,1915.6751337874703,0.6381,1930.5321,48.9,4888.86,2024-12-27 15:30:00-05:00,1897.4666,TP,11.6195,1.0,10.6195,0.002172,True,all
31,MSFT,C,SHORT,2025-01-16 10:30:00-05:00,2263.0988945452564,17.16353919399157,2025-01-16 10:45:00-05:00,2261.967345097984,0.5415,2279.1309,48.99,4898.48,2025-01-16 12:00:00-05:00,2274.4138,SL,-6.7398,1.0,-7.7398,-0.00158,False,all
32,MSFT,C,SHORT,2025-01-17 13:45:00-05:00,2410.894796934424,18.471679765202257,2025-01-17 14:00:00-05:00,2409.689349535957,0.5074,2428.161,48.91,4889.74,2025-01-17 14:15:00-05:00,2386.7853,TP,11.6216,1.0,10.6216,0.002172,True,all
33,MSFT,C,LONG,2025-01-22 09:30:00-05:00,2405.072443174744,17.589350565197574,2025-01-22 09:45:00-05:00,2406.274979396331,0.5091,2388.6856,49.0,4899.36,2025-01-22 11:00:00-05:00,2409.9127,TIME,1.852,1.0,0.852,0.000174,True,all
34,MSFT,C,LONG,2025-01-22 15:15:00-05:00,2365.117726067405,17.943694896366562,2025-01-22 15:30:00-05:00,2366.3002849304385,0.5177,2348.3566,49.0,4899.21,2025-01-22 15:45:00-05:00,2369.7254,EOD,1.7732,1.0,0.7732,0.000158,True,all
35,MSFT,C,SHORT,2025-02-03 14:30:00-05:00,2552.9912895270727,17.6713463610843,2025-02-03 14:45:00-05:00,2551.714793882309,0.4801,2569.3861,49.0,4898.99,2025-02-03 14:45:00-05:00,2565.7556,SL,-6.7405,1.0,-7.7405,-0.00158,False,all
36,MSFT,C,SHORT,2025-02-03 15:45:00-05:00,2591.4299536444432,17.024166584486355,2025-02-04 09:30:00-05:00,2590.134238667621,0.4721,2607.1584,48.91,4890.25,2025-02-04 09:45:00-05:00,2565.515,TP,11.6228,1.0,10.6228,0.002172,True,all
37,MSFT,C,LONG,2025-02-10 15:00:00-05:00,2400.183827606578,17.134147168506754,2025-02-10 15:15:00-05:00,2401.383919520381,0.5102,2384.2498,49.01,4899.87,2025-02-10 15:30:00-05:00,2424.1851,TP,11.6334,1.0,10.6334,0.00217,True,all
38,MSFT,C,SHORT,2025-02-14 15:15:00-05:00,2642.0390150309163,22.136061834559005,2025-02-14 15:30:00-05:00,2640.717995523401,0.4649,2662.8541,49.11,4909.5,2025-02-14 15:30:00-05:00,2655.2485,SL,-6.755,1.0,-7.755,-0.00158,False,all
39,MSFT,C,SHORT,2025-02-14 15:45:00-05:00,2657.39560443301,21.174421169365875,2025-02-17 09:30:00-05:00,2656.0669066307933,0.4614,2677.2413,49.02,4900.75,2025-02-17 10:00:00-05:00,2678.5799,SL,-10.3869,1.0,-11.3869,-0.002324,False,all
40,MSFT,C,LONG,2025-02-27 13:45:00-05:00,2553.718494066389,18.47857645838977,2025-02-27 14:00:00-05:00,2554.995353313422,0.4784,2536.5168,48.89,4888.36,2025-02-27 14:15:00-05:00,2535.2485,SL,-9.4471,1.0,-10.4471,-0.002137,False,all
41,MSFT,C,SHORT,2025-03-19 10:45:00-04:00,2767.3472783122525,22.826667044422702,2025-03-19 11:00:00-04:00,2765.9636046730966,0.4409,2788.7903,48.78,4876.91,2025-03-19 11:00:00-04:00,2790.1847,SL,-10.6788,1.0,-11.6788,-0.002395,False,all
42,MSFT,C,SHORT,2025-04-21 13:15:00-04:00,2833.608809823676,17.641604744787635,2025-04-21 13:30:00-04:00,2832.1920054187644,0.4295,2849.8336,48.65,4864.24,2025-04-21 14:00:00-04:00,2851.2585,SL,-8.1883,1.0,-9.1883,-0.001889,False,all
43,MSFT,C,SHORT,2025-04-24 15:45:00-04:00,3286.314976532564,27.305517611172313,2025-04-25 09:30:00-04:00,3284.6718190442975,0.3695,3311.9773,48.55,4854.05,2025-04-25 09:45:00-04:00,3313.6333,SL,-10.7019,1.0,-11.7019,-0.002411,False,all
44,MSFT,C,SHORT,2025-05-01 15:15:00-04:00,3508.926935940429,29.62380979566098,2025-05-01 15:30:00-04:00,3507.172472472459,0.3452,3536.7963,48.42,4841.35,2025-05-01 15:45:00-04:00,3506.4659,EOD,0.2439,1.0,-0.7561,-0.000156,False,all
45,MSFT,C,LONG,2025-05-19 15:45:00-04:00,4477.767146008333,35.85690638145718,2025-05-20 09:30:00-04:00,4480.006029581336,0.2701,4444.1491,48.41,4839.59,2025-05-20 10:15:00-04:00,4522.5437,TP,11.4903,1.0,10.4903,0.002168,True,all
46,MSFT,C,LONG,2025-05-20 15:15:00-04:00,4465.94841039632,32.06976113483544,2025-05-20 15:30:00-04:00,4468.1813846015175,0.2714,4436.1116,48.5,4849.08,2025-05-20 15:45:00-04:00,4510.6068,TP,11.5129,1.0,10.5129,0.002168,True,all
47,MSFT,C,SHORT,2025-05-22 11:30:00-04:00,4848.170993811239,34.6982717382017,2025-05-22 11:45:00-04:00,4845.746908314333,0.2507,4880.4452,48.6,4858.59,2025-05-22 11:45:00-04:00,4799.6881,TP,11.5476,1.0,10.5476,0.002171,True,all
48,MSFT,C,SHORT,2025-06-16 10:15:00-04:00,6038.821157423348,43.11346234579502,2025-06-16 10:30:00-04:00,6035.801746844637,0.2017,6078.9152,48.69,4868.14,2025-06-16 10:30:00-04:00,6081.9547,SL,-9.308,1.0,-10.308,-0.002117,False,all
49,MSFT,C,SHORT,2025-06-27 10:30:00-04:00,5802.940194323724,46.97839771920798,2025-06-27 10:45:00-04:00,5800.038724226563,0.2094,5847.0171,48.58,4856.83,2025-06-27 10:45:00-04:00,5849.9406,SL,-10.4489,1.0,-11.4489,-0.002357,False,all
50,MSFT,C,SHORT,2025-07-02 12:45:00-04:00,6058.712577696431,54.588835629848866,2025-07-02 13:00:00-04:00,6055.683221407583,0.2,6110.2721,48.45,4844.38,2025-07-02 13:45:00-04:00,5998.124,TP,11.5138,1.0,10.5138,0.00217,True,all
51,MSFT,C,SHORT,2025-07-03 12:00:00-04:00,6040.635041686644,56.05649144013976,2025-07-03 12:15:00-04:00,6037.614724165802,0.201,6093.6712,48.55,4853.9,2025-07-03 13:30:00-04:00,6070.8367,SL,-6.6785,1.0,-7.6785,-0.001582,False,all
52,MSFT,C,LONG,2025-07-29 12:45:00-04:00,6391.7424813092985,57.27026707035854,2025-07-29 13:00:00-04:00,6394.9383525499525,0.1895,6337.6681,48.46,4845.22,2025-07-29 13:00:00-04:00,6359.7822,SL,-6.6605,1.0,-7.6605,-0.001581,False,all
53,MSFT,C,SHORT,2025-08-05 10:45:00-04:00,6327.062412467812,49.895008203393836,2025-08-05 11:00:00-04:00,6323.898881261578,0.1912,6373.7939,48.38,4836.56,2025-08-05 11:30:00-04:00,6263.7902,TP,11.4952,1.0,10.4952,0.00217,True,all
54,MSFT,C,SHORT,2025-08-05 13:00:00-04:00,6367.795090867563,50.311138381813954,2025-08-05 13:15:00-04:00,6364.611193322129,0.1904,6414.9223,48.47,4846.05,2025-08-05 13:15:00-04:00,6418.1298,SL,-10.1894,1.0,-11.1894,-0.002309,False,all
55,MSFT,C,LONG,2025-08-25 13:45:00-04:00,6934.676041283119,61.742816118072554,2025-08-25 14:00:00-04:00,6938.14337930376,0.1742,6876.4006,48.35,4833.86,2025-08-25 14:45:00-04:00,7004.0211,TP,11.4768,1.0,10.4768,0.002167,True,all
56,MSFT,C,SHORT,2025-08-28 10:15:00-04:00,7446.257316602924,58.368003449554735,2025-08-28 10:30:00-04:00,7442.534187944623,0.1627,7500.9022,48.44,4843.34,2025-08-28 11:15:00-04:00,7483.4867,SL,-6.664,1.0,-7.664,-0.001582,False,all
57,MSFT,C,SHORT,2025-09-01 13:00:00-04:00,7250.084475235429,52.111237175503334,2025-09-01 13:15:00-04:00,7246.459432997812,0.1668,7298.5707,48.36,4834.68,2025-09-01 13:30:00-04:00,7177.5818,TP,11.4908,1.0,10.4908,0.00217,True,all
58,MSFT,C,SHORT,2025-09-01 15:30:00-04:00,7296.745568570936,62.42140815704062,2025-09-01 15:45:00-04:00,7293.09719578665,0.1661,7355.5186,48.45,4844.17,2025-09-01 15:45:00-04:00,7359.1964,SL,-10.9782,1.0,-11.9782,-0.002473,False,all
59,MSFT,C,SHORT,2025-09-09 09:30:00-04:00,7638.532617424558,67.78200162370499,2025-09-09 09:45:00-04:00,7634.713351115846,0.1582,7702.4954,48.32,4831.19,2025-09-09 10:15:00-04:00,7562.1454,TP,11.4825,1.0,10.4825,0.00217,True,all
60,MSFT,C,LONG,2025-09-11 11:15:00-04:00,6811.527354670117,56.73716813846888,2025-09-11 11:30:00-04:00,6814.933118347452,0.1776,6758.196,48.42,4840.67,2025-09-11 11:30:00-04:00,6754.8169,SL,-10.6774,1.0,-11.6774,-0.002412,False,all
61,MSFT,C,LONG,2025-09-23 14:15:00-04:00,6232.6284380994075,45.1871705505102,2025-09-23 14:30:00-04:00,6235.744752318456,0.1936,6190.5576,48.29,4827.99,2025-09-23 15:45:00-04:00,6203.5668,TIME,-6.2297,1.0,-7.2297,-0.001497,False,all
62,MSFT,C,SHORT,2025-10-17 11:00:00-04:00,8479.489648786779,65.25471052148966,2025-10-17 11:15:00-04:00,8475.249903962385,0.1422,8540.5046,48.21,4819.76,2025-10-17 12:30:00-04:00,8500.9605,TIME,-3.6561,1.0,-4.6561,-0.000966,False,all
63,MSFT,C,LONG,2025-12-19 12:45:00-05:00,11170.90210651934,78.61303713977574,2025-12-19 13:00:00-05:00,11176.487557572598,0.1077,11097.8745,48.15,4814.11,2025-12-19 14:00:00-05:00,11092.3256,SL,-9.0648,1.0,-10.0648,-0.002091,False,all
64,MSFT,C,LONG,2025-12-24 15:15:00-05:00,11863.777849908583,99.54648416943567,2025-12-24 15:30:00-05:00,11869.709738833537,0.1012,11770.1633,48.04,4803.04,2025-12-24 15:30:00-05:00,11804.456,SL,-6.6026,1.0,-7.6026,-0.001583,False,all
65,MSFT,C,LONG,2025-12-31 10:00:00-05:00,11721.546870984099,100.34427314896433,2025-12-31 10:15:00-05:00,11727.40764441959,0.1022,11627.0634,47.95,4794.44,2025-12-31 11:30:00-05:00,11717.4985,TIME,-1.013,1.0,-2.013,-0.00042,False,all
66,MSFT,C,LONG,2026-01-13 13:30:00-05:00,13252.425486016853,107.69665925676163,2026-01-13 13:45:00-05:00,13259.05169875986,0.0904,13151.355,47.92,4791.43,2026-01-13 14:15:00-05:00,13384.9464,TP,11.376,1.0,10.376,0.002166,True,all
67,MSFT,C,SHORT,2026-01-21 14:00:00-05:00,12987.966681724147,102.55834888610639,2026-01-21 14:15:00-05:00,12981.472698383286,0.0925,13084.031,48.02,4800.8,2026-01-21 15:15:00-05:00,13090.5731,SL,-10.089,1.0,-11.089,-0.00231,False,all
68,MSFT,C,SHORT,2026-02-02 13:15:00-05:00,15560.190682571314,115.58163453181571,2026-02-02 13:30:00-05:00,15552.41058723003,0.077,15667.9922,47.9,4788.71,2026-02-02 14:00:00-05:00,15404.5849,TP,11.3816,1.0,10.3816,0.002168,True,all
69,MSFT,C,LONG,2026-02-11 10:45:00-05:00,16208.724099433895,117.49382219275981,2026-02-11 11:00:00-05:00,16216.828461483612,0.074,16099.3346,47.99,4798.1,2026-02-11 11:00:00-05:00,16091.285,SL,-9.2881,1.0,-10.2881,-0.002144,False,all
70,MSFT,C,LONG,2026-02-12 12:45:00-05:00,15430.250557690022,131.31494260213148,2026-02-12 13:00:00-05:00,15437.965682968867,0.0775,15306.6507,47.88,4786.81,2026-02-12 13:45:00-05:00,15584.5492,TP,11.3651,1.0,10.3651,0.002165,True,all
71,MSFT,C,SHORT,2026-03-04 10:30:00-05:00,16191.821000118398,120.27588670654627,2026-03-04 10:45:00-05:00,16183.72508961834,0.0741,16304.001,47.97,4796.17,2026-03-04 11:00:00-05:00,16312.153,SL,-9.5171,1.0,-10.5171,-0.002193,False,all
72,MSFT,C,SHORT,2026-03-17 13:00:00-04:00,18538.562040610683,134.38691929235455,2026-03-17 13:15:00-04:00,18529.29275959038,0.0646,18663.6797,47.86,4784.66,2026-03-17 13:15:00-04:00,18673.0115,SL,-9.2797,1.0,-10.2797,-0.002148,False,all
1,GOOGL,C,SHORT,2024-06-11 11:45:00-04:00,227.5856347561164,1.8958647318854112,2024-06-11 12:00:00-04:00,227.47184193873835,5.4952,229.3677,50.0,4999.0,2024-06-11 12:00:00-04:00,225.3097,TP,11.8813,1.0,10.8813,0.002177,True,all
2,GOOGL,C,SHORT,2024-06-12 11:45:00-04:00,230.0697474649004,1.7908915929829152,2024-06-12 12:00:00-04:00,229.95471259116795,5.4466,231.7456,50.1,5008.88,2024-06-12 13:15:00-04:00,229.4565,TIME,2.7135,1.0,1.7135,0.000342,True,all
3,GOOGL,C,LONG,2024-06-14 15:45:00-04:00,229.99538872158098,1.677910528359195,2024-06-17 09:30:00-04:00,230.11038641594175,5.4437,228.4325,50.11,5009.59,2024-06-17 09:45:00-04:00,228.3183,SL,-9.7558,1.0,-10.7558,-0.002147,False,all
4,GOOGL,C,LONG,2024-06-21 12:30:00-04:00,226.36176386537238,1.8470093161493273,2024-06-21 12:45:00-04:00,226.47494474730505,5.5181,224.6279,49.99,4997.84,2024-06-21 13:00:00-04:00,224.5156,SL,-10.8117,1.0,-11.8117,-0.002363,False,all
5,GOOGL,C,SHORT,2024-07-01 09:30:00-04:00,211.8321079810501,1.8753272910658105,2024-07-01 09:45:00-04:00,211.72619192705957,5.8874,213.6015,49.86,4985.03,2024-07-01 11:00:00-04:00,210.9344,TIME,4.6618,1.0,3.6618,0.000735,True,all
6,GOOGL,C,LONG,2024-07-01 14:00:00-04:00,208.31724063902098,1.8515620083188633,2024-07-01 14:15:00-04:00,208.4213992593405,5.9839,206.5698,49.89,4987.69,2024-07-01 14:45:00-04:00,210.4004,TP,11.8419,1.0,10.8419,0.002174,True,all
7,GOOGL,C,LONG,2024-07-24 14:00:00-04:00,243.77573284674546,2.0099524384588494,2024-07-24 14:15:00-04:00,243.8976207131688,5.1236,241.8877,49.99,4997.53,2024-07-24 14:30:00-04:00,242.5568,SL,-6.8699,1.0,-7.8699,-0.001575,False,all
8,GOOGL,C,SHORT,2024-07-29 12:00:00-04:00,244.6816411233138,1.7120660597582815,2024-07-29 12:15:00-04:00,244.55930030275215,5.1007,246.2714,49.9,4988.66,2024-07-29 13:15:00-04:00,246.3945,SL,-9.3608,1.0,-10.3608,-0.002077,False,all
9,GOOGL,C,SHORT,2024-07-31 13:15:00-04:00,245.5981860158079,1.7800715825271607,2024-07-31 13:30:00-04:00,245.4753869228,5.0701,247.2555,49.78,4977.3,2024-07-31 13:30:00-04:00,247.3791,SL,-9.6519,1.0,-10.6519,-0.00214,False,all
10,GOOGL,C,SHORT,2024-08-13 14:45:00-04:00,247.81557422551887,1.8797537029355629,2024-08-13 15:00:00-04:00,247.69166643840612,5.0129,249.5714,49.67,4965.65,2024-08-13 15:00:00-04:00,249.0546,SL,-6.8322,1.0,-7.8322,-0.001577,False,all
11,GOOGL,C,SHORT,2024-09-02 13:15:00-04:00,305.6602030082674,2.3401995078626645,2024-09-02 13:30:00-04:00,305.5073729067633,4.057,307.8476,49.58,4956.82,2024-09-02 14:00:00-04:00,308.0015,SL,-10.1187,1.0,-11.1187,-0.002243,False,all
12,GOOGL,C,SHORT,2024-09-12 10:15:00-04:00,286.1957434640943,2.0316421305003702,2024-09-12 10:30:00-04:00,286.05264559236224,4.3224,288.0843,49.46,4944.7,2024-09-12 11:45:00-04:00,285.5368,TIME,2.2297,1.0,1.2297,0.000249,True,all
13,GOOGL,C,SHORT,2024-09-27 12:30:00-04:00,265.23627681349814,2.1394064847928616,2024-09-27 12:45:00-04:00,265.1036586750914,4.6641,267.2431,49.46,4944.93,2024-09-27 13:00:00-04:00,267.3767,SL,-10.6017,1.0,-11.6017,-0.002346,False,all
14,GOOGL,C,SHORT,2024-10-01 09:45:00-04:00,277.51481811708663,2.2451492868440446,2024-10-01 10:00:00-04:00,277.3760607080281,4.4464,279.6212,49.33,4932.33,2024-10-01 10:15:00-04:00,279.761,SL,-10.6045,1.0,-11.6045,-0.002353,False,all
15,GOOGL,C,SHORT,2024-10-02 15:45:00-04:00,302.60427853015966,2.3669727917131453,2024-10-03 09:30:00-04:00,302.4529763908946,4.0673,304.8199,49.21,4919.72,2024-10-03 09:30:00-04:00,304.9724,SL,-10.2472,1.0,-11.2472,-0.002286,False,all
16,GOOGL,C,LONG,2024-10-10 13:30:00-04:00,333.4340638305233,2.8542189684506316,2024-10-10 13:45:00-04:00,333.60078086243857,3.6784,330.7466,49.08,4907.47,2024-10-10 14:00:00-04:00,336.7683,TP,11.6515,1.0,10.6515,0.00217,True,all
17,GOOGL,C,SHORT,2024-10-16 09:30:00-04:00,348.26893912390153,2.5998900747964053,2024-10-16 09:45:00-04:00,348.0948046543396,3.5322,350.6947,49.18,4917.13,2024-10-16 09:45:00-04:00,350.0102,SL,-6.7655,1.0,-7.7655,-0.001579,False,all
18,GOOGL,C,SHORT,2024-10-28 10:00:00-04:00,435.2106779360968,3.2700054908289076,2024-10-28 10:15:00-04:00,434.99307259712873,2.8215,438.2631,49.09,4908.36,2024-10-28 10:15:00-04:00,430.8585,TP,11.6659,1.0,10.6659,0.002173,True,all
19,GOOGL,C,SHORT,2024-11-04 11:45:00-05:00,409.6507978747831,3.6599126062518748,2024-11-04 12:00:00-05:00,409.44597247584574,3.0035,413.1059,49.19,4918.03,2024-11-04 13:15:00-05:00,407.0517,TIME,7.1911,1.0,6.1911,0.001259,True,all
20,GOOGL,C,SHORT,2024-11-12 15:15:00-05:00,421.3251655722572,3.0796651883345576,2024-11-12 15:30:00-05:00,421.11450298947113,2.9233,424.1942,49.24,4923.22,2024-11-12 15:45:00-05:00,422.0965,EOD,-2.8706,1.0,-3.8706,-0.000786,False,all
21,GOOGL,C,SHORT,2024-12-06 15:15:00-05:00,553.4487672147269,4.143047097029732,2024-12-06 15:30:00-05:00,553.1720428311196,2.2232,557.3151,49.19,4918.35,2024-12-06 15:30:00-05:00,557.5937,SL,-9.8305,1.0,-10.8305,-0.002202,False,all
22,GOOGL,C,SHORT,2024-12-06 15:45:00-05:00,558.1911794700202,4.086327793494261,2024-12-09 09:30:00-05:00,557.9120838802852,2.1991,561.9984,49.08,4906.52,2024-12-09 10:30:00-05:00,552.6091,TP,11.6615,1.0,10.6615,0.002173,True,all
23,GOOGL,C,SHORT,2024-12-27 10:15:00-05:00,659.669373219778,5.256792960999162,2024-12-27 10:30:00-05:00,659.3395385331681,1.8644,664.5963,49.17,4916.18,2024-12-27 11:15:00-05:00,664.9286,SL,-10.4205,1.0,-11.4205,-0.002323,False,all
24,GOOGL,C,SHORT,2025-01-02 14:15:00-05:00,651.5423688944205,5.0751927147940075,2025-01-02 14:30:00-05:00,651.2165977099734,1.8829,656.2918,49.05,4903.76,2025-01-02 14:30:00-05:00,645.0268,TP,11.6549,1.0,10.6549,0.002173,True,all
25,GOOGL,C,SHORT,2025-01-27 15:45:00-05:00,842.9378889768816,5.618232505286203,2025-01-28 09:30:00-05:00,842.5164200323932,1.4583,848.1347,49.14,4913.41,2025-01-28 10:30:00-05:00,848.5587,SL,-8.8112,1.0,-9.8112,-0.001997,False,all
26,GOOGL,C,LONG,2025-01-31 12:45:00-05:00,959.7345024312456,7.106318209271509,2025-01-31 13:00:00-05:00,960.2143696824611,1.2767,953.1081,49.04,4902.6,2025-01-31 13:00:00-05:00,969.3316,TP,11.6399,1.0,10.6399,0.00217,True,all
27,GOOGL,C,LONG,2025-01-31 15:30:00-05:00,955.7790172230151,7.146407692512179,2025-01-31 15:45:00-05:00,956.2569067316266,1.2845,949.1105,49.13,4912.24,2025-01-31 15:45:00-05:00,958.3843,EOD,2.7326,1.0,1.7326,0.000353,True,all
28,GOOGL,C,LONG,2025-02-04 09:45:00-05:00,942.3782176679651,7.1239777337502375,2025-02-04 10:00:00-05:00,942.8494067767991,1.303,935.7254,49.14,4912.97,2025-02-04 10:00:00-05:00,951.8018,TP,11.6645,1.0,10.6645,0.002171,True,all
29,GOOGL,C,LONG,2025-02-25 11:00:00-05:00,1204.47562773643,10.057794364278603,2025-02-25 11:15:00-05:00,1205.0778655502982,1.0214,1195.0201,49.24,4922.64,2025-02-25 11:15:00-05:00,1198.4529,SL,-6.7669,1.0,-7.7669,-0.001578,False,all
30,GOOGL,C,LONG,2025-02-25 11:30:00-05:00,1198.2822304464,9.719685034841044,2025-02-25 11:45:00-05:00,1198.8813715616232,1.0249,1189.1617,49.15,4913.87,2025-02-25 13:00:00-05:00,1198.4964,TIME,-0.3945,1.0,-1.3945,-0.000284,False,all
31,GOOGL,C,SHORT,2025-02-28 13:15:00-05:00,1204.3162693085649,10.289513250391488,2025-02-28 13:30:00-05:00,1203.7141111739106,1.0203,1214.0036,49.12,4911.48,2025-02-28 13:45:00-05:00,1214.6106,SL,-11.1174,1.0,-12.1174,-0.002467,False,all
32,GOOGL,C,LONG,2025-03-05 13:30:00-05:00,1093.1735907651675,10.245759289453135,2025-03-05 13:45:00-05:00,1093.7201775605502,1.1199,1083.4744,48.99,4898.36,2025-03-05 14:00:00-05:00,1082.9327,SL,-12.0807,1.0,-13.0807,-0.00267,False,all
33,GOOGL,C,SHORT,2025-03-07 15:00:00-05:00,1111.0835735859603,8.603534577950738,2025-03-07 15:15:00-05:00,1110.5280317991674,1.0998,1119.1316,48.85,4884.28,2025-03-07 15:45:00-05:00,1101.1728,BB_MID,10.2885,1.0,9.2885,0.001902,True,all
34,GOOGL,C,SHORT,2025-04-21 10:45:00-04:00,819.8281651235702,5.3524959342852645,2025-04-21 11:00:00-04:00,819.4182510410085,1.493,824.7707,48.94,4892.57,2025-04-21 11:00:00-04:00,825.1831,SL,-8.607,1.0,-9.607,-0.001964,False,all
35,GOOGL,C,SHORT,2025-05-05 14:15:00-04:00,816.2571911272818,6.79083929351336,2025-05-05 14:30:00-04:00,815.8490625317182,1.4963,822.6399,48.83,4881.96,2025-05-05 14:45:00-04:00,820.3383,SL,-6.7171,1.0,-7.7171,-0.001581,False,all
36,GOOGL,C,LONG,2025-05-20 10:15:00-04:00,824.5061396817546,6.404773600061898,2025-05-20 10:30:00-04:00,824.9183927515954,1.4772,818.5136,48.74,4873.24,2025-05-20 11:00:00-04:00,832.751,TP,11.5702,1.0,10.5702,0.002169,True,all
37,GOOGL,C,SHORT,2025-05-21 12:45:00-04:00,850.3181207385921,6.895654390981148,2025-05-21 13:00:00-04:00,849.892961678223,1.4366,856.7886,48.84,4882.81,2025-05-21 13:00:00-04:00,854.5695,SL,-6.7183,1.0,-7.7183,-0.001581,False,all
38,GOOGL,C,SHORT,2025-05-21 13:15:00-04:00,856.1313013960382,6.73346495796122,2025-05-21 13:30:00-04:00,855.7032357453403,1.4243,862.4367,48.75,4874.09,2025-05-21 13:45:00-04:00,862.8679,SL,-10.2046,1.0,-11.2046,-0.002299,False,all
39,GOOGL,C,SHORT,2025-06-04 13:45:00-04:00,861.7722468768856,6.751859204605658,2025-06-04 14:00:00-04:00,861.3413607534471,1.4114,868.0932,48.63,4861.89,2025-06-04 14:30:00-04:00,868.5273,SL,-10.1424,1.0,-11.1424,-0.002292,False,all
40,GOOGL,C,LONG,2025-06-06 14:45:00-04:00,839.1351172885788,6.602487060114799,2025-06-06 15:00:00-04:00,839.554684847223,1.4444,832.9522,48.51,4849.75,2025-06-06 15:30:00-04:00,847.5263,TP,11.5145,1.0,10.5145,0.002168,True,all
41,GOOGL,C,LONG,2025-06-12 09:45:00-04:00,853.1965560458809,6.324838961113635,2025-06-12 10:00:00-04:00,853.6231543239038,1.4234,847.2983,48.6,4859.26,2025-06-12 10:30:00-04:00,861.7283,TP,11.537,1.0,10.537,0.002168,True,all
42,GOOGL,C,LONG,2025-06-30 15:15:00-04:00,850.815384536341,7.182061912374588,2025-06-30 15:30:00-04:00,851.240792228609,1.4302,844.0587,48.7,4868.8,2025-06-30 15:45:00-04:00,848.2678,EOD,-4.252,1.0,-5.252,-0.001079,False,all
43,GOOGL,C,LONG,2025-07-01 14:30:00-04:00,838.7939708693327,6.072425159861687,2025-07-01 14:45:00-04:00,839.2133678547674,1.4488,833.1409,48.64,4862.55,2025-07-01 15:00:00-04:00,832.7244,SL,-9.4015,1.0,-10.4015,-0.002139,False,all
44,GOOGL,C,SHORT,2025-07-02 12:45:00-04:00,843.1286693845936,6.751943073258142,2025-07-02 13:00:00-04:00,842.7071050499014,1.4395,849.459,48.52,4851.14,2025-07-02 13:15:00-04:00,849.8838,SL,-10.3305,1.0,-11.3305,-0.002336,False,all
45,GOOGL,C,SHORT,2025-07-04 14:00:00-04:00,874.7592063158542,6.295734555855878,2025-07-04 14:15:00-04:00,874.3218267126963,1.3839,880.6176,48.4,4838.81,2025-07-04 15:30:00-04:00,874.3823,TIME,-0.0837,1.0,-1.0837,-0.000224,False,all
46,GOOGL,C,LONG,2025-07-09 11:45:00-04:00,928.4545922514856,6.880397581045027,2025-07-09 12:00:00-04:00,928.9188195476113,1.302,922.0384,48.38,4836.73,2025-07-09 12:45:00-04:00,937.7389,TP,11.4836,1.0,10.4836,0.002167,True,all
47,GOOGL,C,LONG,2025-07-17 10:45:00-04:00,996.4926280747543,6.692939576383817,2025-07-17 11:00:00-04:00,996.9908743887917,1.2155,990.2979,48.47,4846.21,2025-07-17 11:30:00-04:00,1006.4573,TP,11.5061,1.0,10.5061,0.002168,True,all
48,GOOGL,C,LONG,2025-07-17 13:00:00-04:00,990.8626285677248,7.427290141213277,2025-07-17 13:15:00-04:00,991.3580598820085,1.2248,983.9308,48.57,4855.72,2025-07-17 13:30:00-04:00,985.9081,SL,-6.675,1.0,-7.675,-0.001581,False,all
49,GOOGL,C,LONG,2025-07-23 14:00:00-04:00,971.5778874642428,6.649442907197014,2025-07-23 14:15:00-04:00,972.0636764079749,1.2468,965.4142,48.48,4847.05,2025-07-23 14:15:00-04:00,964.9315,SL,-8.8927,1.0,-9.8927,-0.002041,False,all
50,GOOGL,C,LONG,2025-08-06 13:45:00-04:00,857.5403639703802,6.575220460132361,2025-08-06 14:00:00-04:00,857.9691341523653,1.4095,851.3939,48.37,4836.15,2025-08-06 14:00:00-04:00,850.9682,SL,-9.8676,1.0,-10.8676,-0.002247,False,all
51,GOOGL,C,LONG,2025-08-06 14:15:00-04:00,847.9878036679883,6.759021972979747,2025-08-06 14:30:00-04:00,848.4117975698222,1.4219,841.6528,48.25,4824.29,2025-08-06 15:00:00-04:00,856.4675,TP,11.454,1.0,10.454,0.002167,True,all
52,GOOGL,C,SHORT,2025-08-12 09:45:00-04:00,884.6233527770124,6.825446785483024,2025-08-12 10:00:00-04:00,884.1810411006239,1.367,891.0065,48.35,4833.74,2025-08-12 10:15:00-04:00,891.452,SL,-9.9395,1.0,-10.9395,-0.002263,False,all
53,GOOGL,C,LONG,2025-08-19 10:30:00-04:00,915.4736588105943,6.488349745593518,2025-08-19 10:45:00-04:00,915.9313956399996,1.3164,909.443,48.23,4821.8,2025-08-19 11:15:00-04:00,924.6282,TP,11.4481,1.0,10.4481,0.002167,True,all
54,GOOGL,C,LONG,2025-08-22 15:15:00-04:00,872.0999121442632,6.743043219448533,2025-08-22 15:30:00-04:00,872.5359621003353,1.3845,865.7929,48.32,4831.25,2025-08-22 15:30:00-04:00,880.8207,TP,11.4705,1.0,10.4705,0.002167,True,all
55,GOOGL,C,LONG,2025-09-02 14:15:00-04:00,915.1607371764641,6.359375835751932,2025-09-02 14:30:00-04:00,915.6183175450523,1.322,909.2589,48.42,4840.72,2025-09-02 15:30:00-04:00,908.8043,SL,-9.008,1.0,-10.008,-0.002067,False,all
56,GOOGL,C,SHORT,2025-09-11 11:15:00-04:00,924.9722942034067,6.18512430154473,2025-09-11 11:30:00-04:00,924.509808056305,1.3063,930.6949,48.31,4829.71,2025-09-11 12:45:00-04:00,925.7575,TIME,-1.6299,1.0,-2.6299,-0.000545,False,all
57,GOOGL,C,LONG,2025-09-12 15:45:00-04:00,898.4594498232137,5.620627417939227,2025-09-15 09:30:00-04:00,898.9086795481253,1.3425,893.2881,48.27,4826.08,2025-09-15 09:30:00-04:00,892.8414,SL,-8.1452,1.0,-9.1452,-0.001895,False,all
58,GOOGL,C,LONG,2025-09-15 09:45:00-04:00,890.7604798596653,5.989717645138014,2025-09-15 10:00:00-04:00,891.2058600995952,1.3512,885.2161,48.17,4815.94,2025-09-15 10:00:00-04:00,884.7735,SL,-8.6916,1.0,-9.6916,-0.002012,False,all
59,GOOGL,C,LONG,2025-09-15 10:15:00-04:00,881.4435902714449,6.143409351406956,2025-09-15 10:30:00-04:00,881.8843120665806,1.3625,875.7409,48.06,4805.24,2025-09-15 10:45:00-04:00,890.2578,TP,11.4088,1.0,10.4088,0.002166,True,all
60,GOOGL,C,SHORT,2025-09-15 13:45:00-04:00,916.3336284793899,7.183757250754786,2025-09-15 14:00:00-04:00,915.8754616651502,1.3145,923.0592,48.16,4814.65,2025-09-15 14:00:00-04:00,923.5207,SL,-10.0497,1.0,-11.0497,-0.002295,False,all
61,GOOGL,C,LONG,2025-09-22 11:45:00-04:00,864.181410803532,6.386162892909588,2025-09-22 12:00:00-04:00,864.6135015089337,1.3889,858.2273,48.04,4802.6,2025-09-22 13:15:00-04:00,862.1413,TIME,-3.4337,1.0,-4.4337,-0.000923,False,all
62,GOOGL,C,LONG,2025-10-08 10:15:00-04:00,963.788843814629,7.689984679943102,2025-10-08 10:30:00-04:00,964.2707382365362,1.244,956.5808,47.98,4797.17,2025-10-08 10:30:00-04:00,956.1025,SL,-10.1612,1.0,-11.1612,-0.002327,False,all
63,GOOGL,C,SHORT,2025-10-09 13:30:00-04:00,938.1833680055107,6.56518566051101,2025-10-09 13:45:00-04:00,937.714276321508,1.276,944.2795,47.86,4785.01,2025-10-09 15:00:00-04:00,933.0529,TIME,5.9479,1.0,4.9479,0.001034,True,all
64,GOOGL,C,LONG,2025-10-29 12:00:00-04:00,944.852835735216,8.428017832738913,2025-10-29 12:15:00-04:00,945.3252621530836,1.2667,936.8972,47.9,4788.96,2025-10-29 13:15:00-04:00,954.3011,TP,11.3702,1.0,10.3702,0.002165,True,all
65,GOOGL,C,LONG,2025-11-03 10:30:00-05:00,920.4230084929127,6.012170089255471,2025-11-03 10:45:00-05:00,920.8832199971591,1.3029,914.871,47.99,4798.33,2025-11-03 11:00:00-05:00,929.627,TP,11.3924,1.0,10.3924,0.002166,True,all
66,GOOGL,C,SHORT,2025-11-04 10:45:00-05:00,993.3141062478581,8.64506933085992,2025-11-04 11:00:00-05:00,992.8174491947343,1.2109,1001.4625,48.09,4807.72,2025-11-04 12:15:00-05:00,991.0519,TIME,2.1379,1.0,1.1379,0.000237,True,all
67,GOOGL,C,LONG,2025-11-05 14:15:00-05:00,971.0445712209652,6.476007534176809,2025-11-05 14:30:00-05:00,971.5300935065756,1.2374,965.0541,48.09,4807.86,2025-11-05 14:45:00-05:00,980.7548,TP,11.415,1.0,10.415,0.002166,True,all
68,GOOGL,C,LONG,2025-11-07 12:00:00-05:00,922.2002364089162,8.428656763192615,2025-11-07 12:15:00-05:00,922.6613365271206,1.3055,914.2327,48.18,4817.27,2025-11-07 13:00:00-05:00,917.589,SL,-6.6221,1.0,-7.6221,-0.001582,False,all
69,GOOGL,C,LONG,2025-11-14 10:00:00-05:00,927.3658858089478,7.984271580098238,2025-11-14 10:15:00-05:00,927.8295687518522,1.2959,919.8453,48.1,4808.65,2025-11-14 11:15:00-05:00,936.6393,TP,11.4169,1.0,10.4169,0.002166,True,all
70,GOOGL,C,SHORT,2025-11-19 10:00:00-05:00,975.7832025345303,6.82251997103215,2025-11-19 10:15:00-05:00,975.2953109332632,1.2353,982.1178,48.19,4818.07,2025-11-19 10:30:00-05:00,982.6089,SL,-9.0343,1.0,-10.0343,-0.002083,False,all
71,GOOGL,C,LONG,2025-11-25 15:00:00-05:00,951.3298911498738,7.717911560600628,2025-11-25 15:15:00-05:00,951.8055560954487,1.2629,944.0876,48.08,4807.03,2025-11-25 15:45:00-05:00,952.6277,EOD,1.0383,1.0,0.0383,8e-06,True,all
72,GOOGL,C,LONG,2025-11-26 09:30:00-05:00,943.7026923861886,7.459705607670345,2025-11-26 09:45:00-05:00,944.1745437323816,1.2728,936.7148,48.07,4806.07,2025-11-26 11:00:00-05:00,943.3938,TIME,-0.9938,1.0,-1.9938,-0.000415,False,all
73,GOOGL,C,LONG,2025-12-04 13:45:00-05:00,915.7663123980869,8.018213417809053,2025-12-04 14:00:00-05:00,916.224195554286,1.3108,908.206,48.04,4803.08,2025-12-04 14:15:00-05:00,907.7519,SL,-11.1058,1.0,-12.1058,-0.00252,False,all
74,GOOGL,C,LONG,2025-12-16 12:45:00-05:00,919.74866683409,7.266146242444888,2025-12-16 13:00:00-05:00,920.2085411675071,1.3016,912.9424,47.91,4789.97,2025-12-16 13:30:00-05:00,928.9459,TP,11.3726,1.0,10.3726,0.002165,True,all
75,GOOGL,C,SHORT,2025-12-31 10:00:00-05:00,1071.437764718736,9.13142091729782,2025-12-31 10:15:00-05:00,1070.9020458363766,1.1206,1080.0335,48.0,4799.34,2025-12-31 11:30:00-05:00,1072.9311,TIME,-2.2738,1.0,-3.2738,-0.000682,False,all
76,GOOGL,C,SHORT,2026-01-15 12:30:00-05:00,1162.808836571163,9.520796145579878,2026-01-15 12:45:00-05:00,1162.2274321528776,1.0317,1171.7482,47.96,4795.07,2026-01-15 13:15:00-05:00,1172.3341,SL,-10.4266,1.0,-11.4266,-0.002383,False,all
77,GOOGL,C,LONG,2026-02-11 09:45:00-05:00,1124.7902112970899,7.87051497105452,2026-02-11 10:00:00-05:00,1125.3526064027383,1.0627,1117.4821,47.84,4782.64,2026-02-11 10:45:00-05:00,1136.0378,TP,11.3552,1.0,10.3552,0.002165,True,all
78,GOOGL,C,LONG,2026-02-13 11:30:00-05:00,1185.9184829060393,9.766690450408504,2026-02-13 11:45:00-05:00,1186.5114421474923,1.0099,1176.7448,47.93,4792.0,2026-02-13 12:15:00-05:00,1176.1564,SL,-10.4575,1.0,-11.4575,-0.002391,False,all
79,GOOGL,C,LONG,2026-02-24 15:00:00-05:00,1066.5995528697654,8.58606251131412,2026-02-24 15:15:00-05:00,1067.1328526462003,1.1199,1058.5468,47.81,4779.54,2026-02-24 15:30:00-05:00,1077.2653,TP,11.3478,1.0,10.3478,0.002165,True,all
80,GOOGL,C,LONG,2026-03-06 12:30:00-05:00,1046.6360390182933,8.912313317566873,2026-03-06 12:45:00-05:00,1047.1593570378025,1.1435,1038.247,47.9,4788.89,2026-03-06 14:00:00-05:00,1057.1021,TP,11.37,1.0,10.37,0.002165,True,all
81,GOOGL,C,LONG,2026-03-11 11:15:00-04:00,1069.3841174442077,8.5099429084216,2026-03-11 11:30:00-04:00,1069.91880950293,1.1214,1061.4089,47.99,4798.26,2026-03-11 12:00:00-04:00,1060.8782,SL,-10.1382,1.0,-11.1382,-0.002321,False,all
82,GOOGL,C,SHORT,2026-03-17 15:30:00-04:00,1078.0887864271904,7.578825589300708,2026-03-17 15:45:00-04:00,1077.5497420339768,1.1106,1085.1286,47.87,4786.12,2026-03-17 15:45:00-04:00,1080.2486,EOD,-2.9975,1.0,-3.9975,-0.000835,False,all
1,QQQ,C,SHORT,2024-04-18 09:45:00-04:00,508.36054419984714,4.382955498519508,2024-04-18 10:00:00-04:00,508.1063639277472,2.4601,512.4893,50.0,4999.0,2024-04-18 10:15:00-04:00,503.2768,TP,11.8813,1.0,10.8813,0.002177,True,all
2,QQQ,C,LONG,2024-04-19 10:00:00-04:00,502.9103540590206,4.500763556227374,2024-04-19 10:15:00-04:00,503.1618092360501,2.4892,498.661,50.1,5008.88,2024-04-19 10:30:00-04:00,507.9393,TP,11.8922,1.0,10.8922,0.002175,True,all
3,QQQ,C,SHORT,2024-04-24 10:45:00-04:00,493.1945512262228,3.8641687943684317,2024-04-24 11:00:00-04:00,492.9479539506097,2.5458,496.8121,50.2,5018.77,2024-04-24 12:15:00-04:00,495.3559,TIME,-6.1302,1.0,-7.1302,-0.001421,False,all
4,QQQ,C,SHORT,2024-05-13 14:45:00-04:00,609.6080729236664,4.499878465618787,2024-05-13 15:00:00-04:00,609.3032688872047,2.0563,613.8031,50.12,5010.64,2024-05-13 15:00:00-04:00,614.11,SL,-9.8842,1.0,-10.8842,-0.002172,False,all
5,QQQ,C,SHORT,2024-06-18 14:30:00-04:00,747.3944489881459,5.525414571300781,2024-06-18 14:45:00-04:00,747.0207517636519,1.6732,752.5462,50.0,4998.76,2024-06-18 15:45:00-04:00,742.8965,EOD,6.9008,1.0,5.9008,0.00118,True,all
6,QQQ,C,LONG,2024-06-21 14:45:00-04:00,688.7802169172415,5.830120284387872,2024-06-21 15:00:00-04:00,689.1246070257001,1.8156,683.2945,50.05,5003.66,2024-06-21 15:00:00-04:00,682.9528,SL,-11.2054,1.0,-12.2054,-0.002439,False,all
7,QQQ,C,SHORT,2024-06-24 12:30:00-04:00,712.4762574559245,6.2874786553311255,2024-06-24 12:45:00-04:00,712.1200193271966,1.7523,718.4075,49.91,4990.45,2024-06-24 14:00:00-04:00,705.3513,TP,11.8609,1.0,10.8609,0.002176,True,all
8,QQQ,C,SHORT,2024-06-26 13:15:00-04:00,725.0949585084544,6.606540081460147,2024-06-26 13:30:00-04:00,724.7324110292002,1.7252,731.339,50.01,5000.32,2024-06-26 14:15:00-04:00,717.8438,TP,11.8844,1.0,10.8844,0.002177,True,all
9,QQQ,C,SHORT,2024-06-27 15:00:00-04:00,715.1557895416072,5.7334020446913145,2024-06-27 15:15:00-04:00,714.7982116468364,1.7527,720.5316,50.11,5010.2,2024-06-27 15:15:00-04:00,720.8919,SL,-10.6801,1.0,-11.6801,-0.002331,False,all
10,QQQ,C,LONG,2024-07-01 12:30:00-04:00,750.5268450677497,5.925039708932464,2024-07-01 12:45:00-04:00,750.9021084902836,1.6642,744.9771,49.99,4997.52,2024-07-01 13:00:00-04:00,744.6046,SL,-10.4802,1.0,-11.4802,-0.002297,False,all
11,QQQ,C,SHORT,2024-07-12 13:15:00-04:00,747.2869091784887,6.40173327074198,2024-07-12 13:30:00-04:00,746.9132657238995,1.6689,753.315,49.86,4985.04,2024-07-12 14:00:00-04:00,739.8139,TP,11.8481,1.0,10.8481,0.002176,True,all
12,QQQ,C,LONG,2024-07-23 15:15:00-04:00,756.444374243158,5.2875676033059404,2024-07-23 15:30:00-04:00,756.8225964302795,1.6503,751.535,49.96,4994.89,2024-07-23 15:30:00-04:00,751.1593,SL,-9.3461,1.0,-10.3461,-0.002071,False,all
13,QQQ,C,SHORT,2024-07-29 10:15:00-04:00,751.3174967476107,6.943131315314504,2024-07-29 10:30:00-04:00,750.9418379992369,1.6594,757.885,49.85,4983.54,2024-07-29 10:45:00-04:00,758.2639,SL,-12.1505,1.0,-13.1505,-0.002639,False,all
14,QQQ,C,LONG,2024-09-09 13:15:00-04:00,948.1533377972629,7.349542848628638,2024-09-09 13:30:00-04:00,948.6274144661614,1.3099,941.2779,49.7,4969.39,2024-09-09 14:45:00-04:00,945.5296,TIME,-4.0578,1.0,-5.0578,-0.001018,False,all
15,QQQ,C,SHORT,2024-09-19 12:45:00-04:00,912.1179695386198,6.922917423193829,2024-09-19 13:00:00-04:00,911.6619105538506,1.3613,918.5848,49.64,4963.33,2024-09-19 13:00:00-04:00,919.0441,SL,-10.0497,1.0,-11.0497,-0.002226,False,all
16,QQQ,C,SHORT,2024-09-19 13:15:00-04:00,918.5680429230862,6.910385307611125,2024-09-19 13:30:00-04:00,918.1087589016247,1.3485,925.0191,49.52,4951.28,2024-09-19 14:00:00-04:00,925.4817,SL,-9.9424,1.0,-10.9424,-0.00221,False,all
17,QQQ,C,LONG,2024-09-24 10:15:00-04:00,956.7801485555974,7.451860721239859,2024-09-24 10:30:00-04:00,957.2585386298751,1.2902,949.8067,49.4,4939.34,2024-09-24 10:30:00-04:00,949.3318,SL,-10.2274,1.0,-11.2274,-0.002273,False,all
18,QQQ,C,LONG,2024-09-30 12:00:00-04:00,881.6322648532188,6.691528982649165,2024-09-30 12:15:00-04:00,882.0730809856453,1.3967,875.3816,49.28,4927.11,2024-09-30 13:00:00-04:00,890.4484,TP,11.6981,1.0,10.6981,0.002171,True,all
19,QQQ,C,SHORT,2024-10-07 14:00:00-04:00,920.3110341854211,6.922754932764477,2024-10-07 14:15:00-04:00,919.8508786683285,1.342,926.7736,49.38,4936.81,2024-10-07 14:15:00-04:00,927.237,SL,-9.9123,1.0,-10.9123,-0.00221,False,all
20,QQQ,C,SHORT,2024-10-09 13:15:00-04:00,958.2742785487936,5.885380544808186,2024-10-09 13:30:00-04:00,957.7951414095193,1.2857,963.6805,49.26,4924.9,2024-10-09 14:30:00-04:00,948.6913,TP,11.7052,1.0,10.7052,0.002174,True,all
21,QQQ,C,SHORT,2024-10-11 15:00:00-04:00,970.9557048454501,7.234567695804247,2024-10-11 15:15:00-04:00,970.4702269930274,1.2714,977.7048,49.36,4934.6,2024-10-11 15:45:00-04:00,978.1936,SL,-9.8199,1.0,-10.8199,-0.002193,False,all
22,QQQ,C,LONG,2024-10-14 12:45:00-04:00,947.6940168233215,6.500764677830867,2024-10-14 13:00:00-04:00,948.167863831733,1.2982,941.6671,49.24,4922.78,2024-10-14 13:00:00-04:00,941.1963,SL,-9.0508,1.0,-10.0508,-0.002042,False,all
23,QQQ,C,SHORT,2024-10-17 13:00:00-04:00,940.7609795641666,7.8345303248736915,2024-10-17 13:15:00-04:00,940.2905990743845,1.3062,948.1251,49.13,4911.73,2024-10-17 13:30:00-04:00,948.5992,SL,-10.8525,1.0,-11.8525,-0.002413,False,all
24,QQQ,C,SHORT,2024-10-30 10:15:00-04:00,905.5457419235319,7.3869682377601364,2024-10-30 10:30:00-04:00,905.0929690525702,1.3534,912.4799,49.0,4898.88,2024-10-30 10:45:00-04:00,910.0732,SL,-6.7404,1.0,-7.7404,-0.00158,False,all
25,QQQ,C,SHORT,2024-11-11 11:00:00-05:00,1061.931289078418,8.672615232880931,2024-11-11 11:15:00-05:00,1061.400323433879,1.152,1070.0729,48.91,4890.14,2024-11-11 12:00:00-05:00,1051.3117,TP,11.6226,1.0,10.6226,0.002172,True,all
26,QQQ,C,LONG,2024-11-15 14:45:00-05:00,947.779091648333,6.92834673127438,2024-11-15 15:00:00-05:00,948.2529811941571,1.2921,941.3246,49.01,4899.76,2024-11-15 15:45:00-05:00,957.2566,TP,11.6332,1.0,10.6332,0.00217,True,all
27,QQQ,C,LONG,2024-12-02 13:30:00-05:00,993.3259446614434,8.918426382872536,2024-12-02 13:45:00-05:00,993.822607633774,1.2352,984.9042,49.1,4909.4,2024-12-02 14:30:00-05:00,1003.259,TP,11.6561,1.0,10.6561,0.002171,True,all
28,QQQ,C,LONG,2024-12-23 14:00:00-05:00,1075.8464033982966,8.922141215089617,2024-12-23 14:15:00-05:00,1076.3843265999958,1.1427,1067.4622,49.2,4919.05,2024-12-23 14:15:00-05:00,1066.9285,SL,-10.8055,1.0,-11.8055,-0.0024,False,all
29,QQQ,C,LONG,2024-12-27 14:45:00-05:00,1008.2386713420383,8.385899511746306,2024-12-27 15:00:00-05:00,1008.7427906777092,1.2162,1000.3569,49.07,4906.25,2024-12-27 15:30:00-05:00,999.8567,SL,-10.8071,1.0,-11.8071,-0.002407,False,all
30,QQQ,C,LONG,2025-01-03 09:30:00-05:00,1009.8705776052943,8.48346316631397,2025-01-03 09:45:00-05:00,1010.3755128940969,1.211,1001.892,48.94,4893.44,2025-01-03 10:30:00-05:00,1004.821,SL,-6.7268,1.0,-7.7268,-0.001579,False,all
31,QQQ,C,LONG,2025-01-15 13:45:00-05:00,1120.5839862177818,8.258324363026384,2025-01-15 14:00:00-05:00,1121.1442782108907,1.0894,1112.886,48.86,4884.71,2025-01-15 14:15:00-05:00,1131.7895,TP,11.5975,1.0,10.5975,0.00217,True,all
32,QQQ,C,SHORT,2025-02-25 10:45:00-05:00,1300.7809267613673,8.671998590705519,2025-02-25 11:00:00-05:00,1300.1305362979867,0.9413,1308.8025,48.95,4894.31,2025-02-25 11:15:00-05:00,1309.4569,SL,-8.779,1.0,-9.779,-0.001998,False,all
33,QQQ,C,LONG,2025-03-07 13:00:00-05:00,1256.053596027874,11.184017903126676,2025-03-07 13:15:00-05:00,1256.6816228258879,0.9717,1245.4976,48.85,4883.53,2025-03-07 14:30:00-05:00,1265.403,TIME,8.4747,1.0,7.4747,0.001531,True,all
34,QQQ,C,SHORT,2025-03-10 13:00:00-04:00,1280.715520993298,10.051043896710366,2025-03-10 13:15:00-04:00,1280.0751632328015,0.9552,1290.1262,48.91,4890.01,2025-03-10 13:30:00-04:00,1267.908,TP,11.6223,1.0,10.6223,0.002172,True,all
35,QQQ,C,SHORT,2025-03-12 13:30:00-04:00,1404.969841851835,11.073111045359733,2025-03-12 13:45:00-04:00,1404.2673569309093,0.8725,1415.3405,49.01,4899.63,2025-03-12 14:00:00-04:00,1411.9943,SL,-6.7414,1.0,-7.7414,-0.00158,False,all
36,QQQ,C,LONG,2025-04-02 11:15:00-04:00,1797.586703177692,13.654450171640034,2025-04-02 11:30:00-04:00,1798.4854965292807,0.68,1784.831,48.92,4890.89,2025-04-02 12:00:00-04:00,1783.9386,SL,-9.8919,1.0,-10.8919,-0.002227,False,all
37,QQQ,C,LONG,2025-04-03 10:30:00-04:00,1733.5098769916526,13.316660923432323,2025-04-03 10:45:00-04:00,1734.3766319301483,0.7034,1721.06,48.8,4879.0,2025-04-03 12:00:00-04:00,1729.2554,TIME,-3.6024,1.0,-4.6024,-0.000943,False,all
38,QQQ,C,LONG,2025-04-10 11:45:00-04:00,1818.6525829056625,11.90685042771639,2025-04-10 12:00:00-04:00,1819.5619091971153,0.6697,1807.6551,48.74,4873.39,2025-04-10 12:00:00-04:00,1806.7512,SL,-8.5796,1.0,-9.5796,-0.001966,False,all
39,QQQ,C,LONG,2025-04-10 14:00:00-04:00,1780.336974172504,13.972270992470802,2025-04-10 14:15:00-04:00,1781.22714265959,0.6826,1767.2549,48.64,4862.81,2025-04-10 14:15:00-04:00,1798.1399,TP,11.5455,1.0,10.5455,0.002169,True,all
40,QQQ,C,SHORT,2025-04-15 14:45:00-04:00,1947.2828138167567,14.816738669877358,2025-04-15 15:00:00-04:00,1946.3091724098485,0.626,1961.1259,48.73,4872.36,2025-04-15 15:45:00-04:00,1943.8817,EOD,1.5195,1.0,0.5195,0.000107,True,all
41,QQQ,C,LONG,2025-04-16 14:30:00-04:00,1908.217749151208,14.853897404720046,2025-04-16 14:45:00-04:00,1909.1718580257834,0.6381,1894.318,48.73,4871.88,2025-04-16 15:45:00-04:00,1925.8237,EOD,10.6254,1.0,9.6254,0.001976,True,all
42,QQQ,C,LONG,2025-05-06 12:30:00-04:00,2068.149471221697,17.500372700041677,2025-05-06 12:45:00-04:00,2069.1835459573076,0.5898,2051.6832,48.82,4880.5,2025-05-06 13:00:00-04:00,2088.8304,TP,11.5875,1.0,10.5875,0.002169,True,all
43,QQQ,C,SHORT,2025-05-12 11:15:00-04:00,2213.327010129786,16.881109933241966,2025-05-12 11:30:00-04:00,2212.220346624721,0.5527,2229.1015,48.91,4890.09,2025-05-12 12:45:00-04:00,2197.377,TIME,8.2044,1.0,7.2044,0.001473,True,all
44,QQQ,C,SHORT,2025-05-13 11:30:00-04:00,2245.0025691858386,18.9733750992692,2025-05-13 11:45:00-04:00,2243.8800679012456,0.5456,2262.8534,48.97,4896.3,2025-05-13 11:45:00-04:00,2256.227,SL,-6.7368,1.0,-7.7368,-0.00158,False,all
45,QQQ,C,SHORT,2025-05-15 10:15:00-04:00,2326.1460154988617,17.342815227351398,2025-05-15 10:30:00-04:00,2324.982942491112,0.5257,2342.3258,48.89,4887.56,2025-05-15 10:45:00-04:00,2343.4969,SL,-9.732,1.0,-10.732,-0.002196,False,all
46,QQQ,C,SHORT,2025-06-02 12:15:00-04:00,2879.0372116692074,21.2108856560133,2025-06-02 12:30:00-04:00,2877.597693063373,0.4237,2898.8086,48.77,4875.83,2025-06-02 13:15:00-04:00,2850.2461,TP,11.5886,1.0,10.5886,0.002172,True,all
47,QQQ,C,LONG,2025-06-09 12:30:00-04:00,2906.5712339491774,19.76186953708794,2025-06-09 12:45:00-04:00,2908.024519566152,0.4201,2888.2627,48.86,4885.42,2025-06-09 12:45:00-04:00,2935.6362,TP,11.5991,1.0,10.5991,0.00217,True,all
48,QQQ,C,SHORT,2025-07-16 12:30:00-04:00,3330.15135079148,26.003452464771986,2025-07-16 12:45:00-04:00,3328.4862751160845,0.3677,3354.4897,48.96,4895.01,2025-07-16 12:45:00-04:00,3346.8013,SL,-6.7351,1.0,-7.7351,-0.00158,False,all
49,QQQ,C,SHORT,2025-08-01 14:45:00-04:00,3151.263268324153,24.510480110111903,2025-08-01 15:00:00-04:00,3149.6876366899915,0.3879,3174.1981,48.87,4886.28,2025-08-01 15:15:00-04:00,3175.7852,SL,-10.1237,1.0,-11.1237,-0.002277,False,all
50,QQQ,C,SHORT,2025-08-04 09:30:00-04:00,3204.9064866314184,24.806052238019586,2025-08-04 09:45:00-04:00,3203.3040333881027,0.3805,3228.1101,48.75,4874.16,2025-08-04 11:00:00-04:00,3172.8566,TP,11.5846,1.0,10.5846,0.002172,True,all
51,QQQ,C,SHORT,2025-08-14 09:45:00-04:00,3033.4735433661217,23.385834592611353,2025-08-14 10:00:00-04:00,3031.9568065944386,0.4028,3055.3426,48.85,4883.74,2025-08-14 10:00:00-04:00,3048.6401,SL,-6.7196,1.0,-7.7196,-0.001581,False,all
52,QQQ,C,SHORT,2025-08-15 13:15:00-04:00,3217.853952972539,26.471032459673516,2025-08-15 13:30:00-04:00,3216.245025996053,0.379,3242.7161,48.76,4875.02,2025-08-15 13:45:00-04:00,3233.9424,SL,-6.7076,1.0,-7.7076,-0.001581,False,all
53,QQQ,C,SHORT,2025-08-18 12:30:00-04:00,3348.4102116544427,25.161104616634898,2025-08-18 12:45:00-04:00,3346.7360065486155,0.3636,3371.8971,48.67,4866.31,2025-08-18 14:00:00-04:00,3314.9584,TIME,11.5539,1.0,10.5539,0.002169,True,all
54,QQQ,C,SHORT,2025-08-19 10:45:00-04:00,3415.687599692619,27.408426869114543,2025-08-19 11:00:00-04:00,3413.979755892773,0.3571,3441.3882,48.77,4875.87,2025-08-19 12:15:00-04:00,3402.5597,TIME,4.0784,1.0,3.0784,0.000631,True,all
55,QQQ,C,SHORT,2025-08-25 15:30:00-04:00,3346.2824868131784,26.085044752996186,2025-08-25 15:45:00-04:00,3344.609345569772,0.3647,3370.6944,48.79,4877.95,2025-08-25 15:45:00-04:00,3372.3797,SL,-10.1275,1.0,-11.1275,-0.002281,False,all
56,QQQ,C,LONG,2025-09-08 15:00:00-04:00,3345.690815275595,31.57475186762419,2025-09-08 15:15:00-04:00,3347.3636606832324,0.3635,3315.7889,48.67,4865.82,2025-09-08 15:30:00-04:00,3328.9615,SL,-6.6888,1.0,-7.6888,-0.00158,False,all
57,QQQ,C,SHORT,2025-09-22 10:45:00-04:00,3384.29339233318,24.37432499239776,2025-09-22 11:00:00-04:00,3382.6012456370136,0.3591,3406.9756,48.58,4857.13,2025-09-22 11:45:00-04:00,3350.4496,TP,11.5441,1.0,10.5441,0.002171,True,all
58,QQQ,C,SHORT,2025-09-24 11:45:00-04:00,3522.9715407628205,24.033359212964132,2025-09-24 12:00:00-04:00,3521.2100549924394,0.3456,3545.2434,48.68,4866.67,2025-09-24 12:00:00-04:00,3547.016,SL,-8.9185,1.0,-9.9185,-0.002038,False,all
59,QQQ,C,SHORT,2025-09-24 14:15:00-04:00,3633.8613674307194,27.20062897824394,2025-09-24 14:30:00-04:00,3632.044436747004,0.3343,3659.2451,48.57,4855.76,2025-09-24 15:15:00-04:00,3661.0747,SL,-9.7048,1.0,-10.7048,-0.002205,False,all
60,QQQ,C,LONG,2025-09-26 10:00:00-04:00,3423.1359570885465,29.768548005736218,2025-09-26 10:15:00-04:00,3424.847525067091,0.3537,3395.079,48.45,4844.05,2025-09-26 10:15:00-04:00,3393.3814,SL,-11.1286,1.0,-12.1286,-0.002504,False,all
61,QQQ,C,LONG,2025-10-03 10:00:00-04:00,3597.6530298163893,29.929314295864394,2025-10-03 10:15:00-04:00,3599.451856331297,0.3356,3569.5225,48.32,4830.92,2025-10-03 10:30:00-04:00,3579.6639,SL,-6.6409,1.0,-7.6409,-0.001582,False,all
62,QQQ,C,LONG,2025-10-28 10:00:00-04:00,3670.292890765262,29.102585951305176,2025-10-28 10:15:00-04:00,3672.128037210645,0.3284,3643.0255,48.23,4822.28,2025-10-28 10:15:00-04:00,3641.2039,SL,-10.1546,1.0,-11.1546,-0.002313,False,all
63,QQQ,C,SHORT,2025-10-30 13:45:00-04:00,3911.7489907661666,30.601093266263828,2025-10-30 14:00:00-04:00,3909.7931162707837,0.3076,3940.3942,48.11,4810.13,2025-10-30 14:15:00-04:00,3942.3644,SL,-10.02,1.0,-11.02,-0.002291,False,all
64,QQQ,C,SHORT,2025-11-20 12:45:00-05:00,4807.220063867424,33.173637661563404,2025-11-20 13:00:00-05:00,4804.81645383549,0.2497,4837.9901,47.99,4798.11,2025-11-20 13:15:00-05:00,4759.1467,TP,11.4039,1.0,10.4039,0.002168,True,all
65,QQQ,C,SHORT,2025-12-15 10:15:00-05:00,5924.493271697532,48.00897033350458,2025-12-15 10:30:00-05:00,5921.531025061683,0.203,5969.54,48.09,4807.51,2025-12-15 11:00:00-05:00,5972.5248,SL,-10.3522,1.0,-11.3522,-0.002361,False,all
66,QQQ,C,SHORT,2025-12-17 09:30:00-05:00,6064.32694178607,53.1707401170758,2025-12-17 09:45:00-05:00,6061.294778315178,0.1978,6114.4655,47.96,4795.16,2025-12-17 09:45:00-05:00,6117.5228,SL,-11.123,1.0,-12.123,-0.002528,False,all
67,QQQ,C,LONG,2025-12-31 09:30:00-05:00,6026.544698180118,57.25242165203615,2025-12-31 09:45:00-05:00,6029.5579705292075,0.1983,5972.3055,47.83,4782.04,2025-12-31 10:00:00-05:00,5969.3194,SL,-11.9463,1.0,-12.9463,-0.002707,False,all
68,QQQ,C,SHORT,2026-01-02 12:00:00-05:00,5756.13308997985,41.41003237137139,2026-01-02 12:15:00-05:00,5753.255023434861,0.2072,5794.6651,47.69,4768.09,2026-01-02 12:30:00-05:00,5797.5624,SL,-9.182,1.0,-10.182,-0.002135,False,all
69,QQQ,C,SHORT,2026-01-16 13:00:00-05:00,5806.151181335322,39.77337568727096,2026-01-16 13:15:00-05:00,5803.248105744655,0.205,5843.0215,47.58,4756.91,2026-01-16 13:45:00-05:00,5845.943,SL,-8.7511,1.0,-9.7511,-0.00205,False,all
70,QQQ,C,SHORT,2026-01-28 12:30:00-05:00,5691.71626066704,34.5179874488113,2026-01-28 12:45:00-05:00,5688.870402536707,0.2086,5723.3884,47.47,4746.16,2026-01-28 13:00:00-05:00,5726.2501,SL,-7.798,1.0,-8.798,-0.001854,False,all
71,QQQ,C,SHORT,2026-02-02 15:00:00-05:00,5558.725497482073,41.113807099756634,2026-02-02 15:15:00-05:00,5555.946134733332,0.2132,5597.0599,47.37,4736.36,2026-02-02 15:45:00-05:00,5577.9921,EOD,-4.6995,1.0,-5.6995,-0.001203,False,all
72,QQQ,C,SHORT,2026-02-06 13:15:00-05:00,5812.531076373269,41.990583942671705,2026-02-06 13:30:00-05:00,5809.624810835082,0.2036,5851.6154,47.31,4729.66,2026-02-06 14:45:00-05:00,5854.5412,SL,-9.1436,1.0,-10.1436,-0.002145,False,all
73,QQQ,C,SHORT,2026-02-26 11:00:00-05:00,6605.314228198672,45.95039429280536,2026-02-26 11:15:00-05:00,6602.011571084573,0.1787,6647.962,47.2,4718.51,2026-02-26 11:15:00-05:00,6651.2859,SL,-8.8061,1.0,-9.8061,-0.002078,False,all
74,QQQ,C,LONG,2026-03-11 13:45:00-04:00,5880.978745727685,51.00490464275078,2026-03-11 14:00:00-04:00,5883.919235100549,0.2001,5832.9143,47.09,4707.71,2026-03-11 14:15:00-04:00,5939.787,TP,11.1773,1.0,10.1773,0.002162,True,all
