trade_id,symbol,direction,signal_time,signal_close,signal_reason,signal_conf,atr_at_signal,entry_time,entry_price,shares,stop_loss,take_profit,risk_amount,equity_at_entry,exit_time,exit_price,exit_reason,gross_pnl,commission,slippage,net_pnl,net_pnl_pct,won,period
1,MSFT,SELL,2026-02-19 09:45:00-05:00,402.0,MACD↓ hist=-0.0221 | BB upper pct_b=0.93,0.444,1.388996966501163,2026-02-19 10:00:00-05:00,401.75901145935063,12.445271561770289,403.8425069091024,397.59202055984713,250.0,24999.0,2026-02-19 10:00:00-05:00,404.0444281625569,SL,-28.4426,1.0,5.013,-29.4426,-0.001178,False,train
4,AAPL,BUY,2026-02-19 12:45:00-05:00,262.0799865722656,RSI oversold=31.4 | BB lower pct_b=-0.12,0.556,0.8644826410163968,2026-02-19 13:00:00-05:00,262.2110265655517,19.04386531376857,260.9143026040271,264.80447448860093,249.67557368496793,24966.557368496793,2026-02-19 14:30:00-05:00,260.78384545272513,SL,-27.179,1.0,4.9812,-28.179,-0.001129,False,train
6,NVDA,BUY,2026-02-19 14:30:00-05:00,186.6300048828125,MACD✗↑ hist=+0.0131,0.444,0.7390811666401234,2026-02-19 14:45:00-05:00,186.73292246246336,26.709139443387254,185.62430071250319,188.95016596238372,249.37378323605768,24936.378323605768,2026-02-19 15:45:00-05:00,187.7960543899536,EOD,28.3953,1.0,5.0029,27.3953,0.001099,True,train
7,AAPL,BUY,2026-02-19 14:45:00-05:00,260.4100036621094,RSI oversold=26.5 | BB lower pct_b=-0.03,0.556,0.7933557348120214,2026-02-19 15:00:00-05:00,260.5301938934326,19.142793356078915,259.3401602912146,262.91026109786867,249.36378323605769,24935.378323605768,2026-02-19 15:45:00-05:00,260.37975476074223,EOD,-2.8798,1.0,4.9871,-3.8798,-0.000156,False,train
2,MSFT,SELL,2026-02-19 11:00:00-05:00,400.864990234375,MACD✗↓ hist=-0.0138,0.444,1.5388107108686444,2026-02-19 11:15:00-05:00,400.67456250000004,12.463759721954792,402.982778566303,396.0581303673941,249.69557368496794,24968.557368496793,2026-02-19 15:45:00-05:00,398.6092086639404,EOD,25.7421,1.0,4.9798,24.7421,0.000991,True,train
3,GOOGL,BUY,2026-02-19 11:00:00-05:00,303.70001220703125,MACD✗↑ hist=+0.0585,0.444,1.4504034513180506,2026-02-19 11:15:00-05:00,303.8818759918213,16.433067807682484,301.70627081484423,308.23308634577546,249.68557368496795,24967.557368496793,2026-02-19 15:45:00-05:00,302.7085553588867,EOD,-19.2813,1.0,4.9853,-20.2813,-0.000812,False,train
5,QQQ,BUY,2026-02-19 12:45:00-05:00,601.489990234375,RSI oversold=34.4 | BB lower pct_b=-0.09,0.556,1.7802262106785334,2026-02-19 13:00:00-05:00,601.8107647705078,8.29714549157905,599.14042545449,607.1514434025435,249.66557368496794,24965.557368496793,2026-02-19 15:45:00-05:00,603.1782404785157,EOD,11.3461,1.0,5.0002,10.3461,0.000414,True,train
8,AAPL,BUY,2026-02-20 09:30:00-05:00,259.8988952636719,RSI oversold=28.2 | BB lower pct_b=0.08,0.556,0.9138675551101727,2026-02-20 09:45:00-05:00,260.0099448852539,19.209804309318365,258.6391435525886,262.7515475505844,249.73700798611904,24972.700798611902,2026-02-20 09:45:00-05:00,258.5098239808123,SL,-28.817,1.0,4.9816,-29.817,-0.001194,False,train
10,MSFT,SELL,2026-02-20 09:45:00-05:00,396.45001220703125,MACD✗↓ hist=-0.0047,0.444,1.2723744338866834,2026-02-20 10:00:00-05:00,396.3517127990723,12.585732804561577,398.26027444990234,392.53458949741224,249.41883769597263,24940.88376959726,2026-02-20 10:00:00-05:00,398.45940458712727,SL,-26.5268,1.0,5.0004,-27.5268,-0.001104,False,train
9,GOOGL,SELL,2026-02-20 09:30:00-05:00,310.0400085449219,RSI overbought=74.9 | BB upper pct_b=1.46,0.556,1.5512936241660569,2026-02-20 09:45:00-05:00,309.91497232055667,16.09659809775044,312.24191275680573,305.2610914480585,249.42883769597262,24941.88376959726,2026-02-20 10:30:00-05:00,312.39803371318413,SL,-39.9688,1.0,5.0073,-40.9688,-0.001643,False,train
11,AAPL,BUY,2026-02-20 10:15:00-05:00,260.57049560546875,MACD✗↑ hist=+0.0011,0.444,1.1140980363488018,2026-02-20 10:30:00-05:00,260.6802627868652,19.11411064081046,259.009115732342,264.02255689591163,249.13356923918434,24912.356923918433,2026-02-20 11:45:00-05:00,263.8905456174637,TP,61.3617,1.0,5.0146,60.3617,0.002423,True,train
13,NVDA,SELL,2026-02-20 10:30:00-05:00,189.20849609375,RSI overbought=67.5 | BB upper pct_b=1.20,0.556,1.086740090076853,2026-02-20 10:45:00-05:00,189.10539694976808,26.30320285278328,190.73550708488335,185.84517667953753,248.70388082629268,24869.388082629266,2026-02-20 15:45:00-05:00,189.9249168319702,EOD,-21.556,1.0,4.9836,-22.556,-0.000907,False,train
12,MSFT,BUY,2026-02-20 10:15:00-05:00,396.80999755859375,MACD↑ hist=+0.0037 | BB lower pct_b=0.18,0.444,1.46000499507082,2026-02-20 10:30:00-05:00,396.99838778686524,12.550356721999092,394.808380294259,401.3784027720777,249.12356923918432,24911.356923918433,2026-02-20 15:45:00-05:00,397.051375,EOD,0.665,1.0,4.9841,-0.335,-1.3e-05,False,train
15,GOOGL,SELL,2026-02-20 10:45:00-05:00,314.92999267578125,RSI overbought=79.9 | BB upper pct_b=1.08,0.556,2.0510647070168826,2026-02-20 11:00:00-05:00,314.7125601196289,15.803873905239922,317.78915718015423,308.55936599857824,248.68388082629266,24867.388082629266,2026-02-20 15:45:00-05:00,315.15749999999997,EOD,-7.0318,1.0,4.9759,-8.0318,-0.000323,False,train
14,QQQ,SELL,2026-02-20 10:30:00-05:00,608.4500122070312,RSI overbought=70.9 | BB upper pct_b=1.20,0.556,2.370217260176802,2026-02-20 10:45:00-05:00,608.1557919616699,8.178624099726308,611.7111178519351,601.0451401811396,248.69388082629266,24868.388082629266,2026-02-20 15:45:00-05:00,609.1744301147461,EOD,-8.3311,1.0,4.9768,-9.3311,-0.000375,False,train
17,MSFT,BUY,2026-02-23 09:30:00-05:00,387.8800048828125,RSI oversold=24.1 | BB lower pct_b=-0.51,0.556,1.8626194492341892,2026-02-23 09:45:00-05:00,388.0639301147461,12.825977387227727,385.2700009408948,393.6517884624487,248.8649596225227,24885.49596225227,2026-02-23 11:00:00-05:00,385.0773659404244,SL,-38.3056,1.0,4.9594,-39.3056,-0.001579,False,train
19,AAPL,SELL,2026-02-23 10:15:00-05:00,267.04998779296875,RSI overbought=69.3 | BB upper pct_b=1.19,0.556,1.296879504885108,2026-02-23 10:30:00-05:00,266.9564513397217,18.643112640559433,268.90177059704934,263.06581282506636,248.8449596225227,24883.49596225227,2026-02-23 13:00:00-05:00,269.03622148234786,SL,-38.7734,1.0,4.995,-39.7734,-0.001598,False,train
21,MSFT,BUY,2026-02-23 11:15:00-05:00,386.5610046386719,RSI oversold=28.5 | BB lower pct_b=0.16,0.556,1.8596520900518794,2026-02-23 11:30:00-05:00,386.7332785491943,12.84771274449646,383.9438004141165,392.31223481934995,248.43190357686916,24842.190357686915,2026-02-23 14:45:00-05:00,383.75182851390946,SL,-38.3048,1.0,4.9507,-39.3048,-0.001582,False,train
18,GOOGL,SELL,2026-02-23 09:30:00-05:00,315.8349914550781,MACD↓ hist=-0.3235 | RSI overbought=65.5 | BB upper pct_b=0.86,0.778,1.5158117969292277,2026-02-23 09:45:00-05:00,315.6720715789795,15.766675739019915,317.94578927437334,311.12463618819186,248.8549596225227,24884.49596225227,2026-02-23 14:45:00-05:00,311.28019850628596,TP,69.2452,1.0,4.9413,68.2452,0.002742,True,train
16,NVDA,SELL,2026-02-23 09:30:00-05:00,192.33999633789062,RSI overbought=73.2 | BB upper pct_b=1.32,0.556,1.027123113211825,2026-02-23 09:45:00-05:00,192.24882872009277,25.890920769652695,193.78951338991052,189.1674593804573,248.8749596225227,24886.49596225227,2026-02-23 15:45:00-05:00,191.70580561065674,EOD,14.0594,1.0,4.9692,13.0594,0.000525,True,train
22,AAPL,SELL,2026-02-23 13:15:00-05:00,269.3349914550781,RSI overbought=70.8 | BB upper pct_b=0.97,0.556,1.1241916970814445,2026-02-23 13:30:00-05:00,269.2053263397217,18.426393939436576,270.8916138853439,265.83275124847734,248.02416968651465,24801.416968651465,2026-02-23 15:45:00-05:00,266.5232096557617,EOD,49.4217,1.0,4.9345,48.4217,0.001952,True,train
23,MSFT,BUY,2026-02-23 15:00:00-05:00,383.4949951171875,MACD↑ hist=+0.0527 | RSI oversold=25.4 | BB lower pct_b=-0.05,0.778,1.3290480081330307,2026-02-23 15:15:00-05:00,383.71165740966796,12.9421960027397,381.7180853974684,387.69880143406704,248.30357393660145,24829.357393660146,2026-02-23 15:45:00-05:00,384.3277290191651,EOD,7.9733,1.0,4.9713,6.9733,0.000281,True,train
20,QQQ,BUY,2026-02-23 10:45:00-05:00,600.8599853515625,RSI oversold=33.9 | BB lower pct_b=-0.11,0.556,2.0960011243843204,2026-02-23 11:00:00-05:00,601.1604153442382,8.265411269123755,598.0164136576617,607.4484187173912,248.44190357686915,24843.190357686915,2026-02-23 15:45:00-05:00,601.1192729187012,EOD,-0.3401,1.0,4.9699,-1.3401,-5.4e-05,False,train
25,GOOGL,BUY,2026-02-24 09:30:00-05:00,308.4649963378906,RSI oversold=29.9 | BB lower pct_b=-0.14,0.556,1.463105204574667,2026-02-24 09:45:00-05:00,308.65425,16.131624146453188,306.459592193138,313.043565613724,248.9547176102699,24894.47176102699,2026-02-24 10:00:00-05:00,306.3063623970415,SL,-37.8752,1.0,4.9614,-38.8752,-0.001562,False,train
26,NVDA,SELL,2026-02-24 10:15:00-05:00,192.00999450683594,MACD↓ hist=-0.0095 | BB upper pct_b=1.02,0.444,1.1384737752641443,2026-02-24 10:30:00-05:00,191.904,25.90419847494367,193.6117106628962,188.48857867420756,248.5559652067795,24854.596520677947,2026-02-24 12:00:00-05:00,193.70851651822764,SL,-46.7446,1.0,4.9932,-47.7446,-0.001921,False,train
29,NVDA,SELL,2026-02-24 13:45:00-05:00,192.61500549316406,MACD✗↓ hist=-0.0191,0.444,0.7978099830108443,2026-02-24 14:00:00-05:00,192.5236851196289,25.76810427374213,193.72040009414516,190.13025517059637,248.04851966638464,24803.851966638464,2026-02-24 15:45:00-05:00,193.81726029419224,SL,-33.333,1.0,4.9764,-34.333,-0.001384,False,train
24,AAPL,SELL,2026-02-24 09:30:00-05:00,274.19500732421875,RSI overbought=78.0 | BB upper pct_b=1.40,0.556,1.3981953847382447,2026-02-24 09:45:00-05:00,274.06291220092777,18.168435532622727,276.16020527803516,269.86832604671304,248.9647176102699,24895.47176102699,2026-02-24 15:45:00-05:00,272.30609843444824,EOD,31.9186,1.0,4.9621,30.9186,0.001242,True,train
28,GOOGL,BUY,2026-02-24 11:15:00-05:00,310.69000244140625,MACD✗↑ hist=+0.0792,0.444,1.5643703209569086,2026-02-24 11:30:00-05:00,310.8303252868652,15.991745012485877,308.48376980542986,315.52343624973594,248.53596520677948,24852.596520677947,2026-02-24 15:45:00-05:00,310.72456488037113,EOD,-1.6913,1.0,4.9711,-2.6913,-0.000108,False,train
27,QQQ,SELL,2026-02-24 10:15:00-05:00,607.3800048828125,RSI overbought=66.7 | BB upper pct_b=1.20,0.556,1.8971703747447444,2026-02-24 10:30:00-05:00,607.0563053588868,8.188563828847512,609.9020609210039,601.3647942346525,248.54596520677947,24853.596520677947,2026-02-24 15:45:00-05:00,608.1439468688965,EOD,-8.9062,1.0,4.9741,-9.9062,-0.000399,False,train
30,NVDA,SELL,2026-02-25 09:30:00-05:00,194.639892578125,RSI overbought=69.4 | BB upper pct_b=1.27,0.556,0.7776094133245894,2026-02-25 09:45:00-05:00,194.5226851196289,25.485809034240518,195.68909923961579,192.18985687965514,247.87840028932808,24786.84002893281,2026-02-25 09:45:00-05:00,195.78694378923558,SL,-32.2207,1.0,4.9724,-33.2207,-0.00134,False,train
31,MSFT,SELL,2026-02-25 09:30:00-05:00,393.0350036621094,RSI overbought=76.6 | BB upper pct_b=1.39,0.556,1.4099954660522898,2026-02-25 09:45:00-05:00,392.8334837799072,12.602601558159456,394.94847697898564,388.60349738175034,247.5361937390933,24752.61937390933,2026-02-25 09:45:00-05:00,395.1459512174751,SL,-29.1431,1.0,4.9641,-30.1431,-0.001218,False,train
32,QQQ,SELL,2026-02-25 09:30:00-05:00,613.75,RSI overbought=78.3 | BB upper pct_b=1.51,0.556,1.4374290938274281,2026-02-25 09:45:00-05:00,613.443125,8.06023419634133,615.5992686407411,609.1308377185177,247.22476268177445,24721.476268177445,2026-02-25 09:45:00-05:00,615.9070682750614,SL,-19.86,1.0,4.9532,-20.86,-0.000844,False,train
35,MSFT,SELL,2026-02-25 10:00:00-05:00,397.44000244140625,RSI overbought=81.1 | BB upper pct_b=1.14,0.556,1.7455557394129915,2026-02-25 10:15:00-05:00,397.26937507629395,12.43419093333871,399.88770868541343,392.032707858055,246.9861630833395,24697.61630833395,2026-02-25 10:30:00-05:00,400.0876525397561,SL,-35.043,1.0,4.956,-36.043,-0.001459,False,train
34,NVDA,SELL,2026-02-25 10:00:00-05:00,195.5749969482422,RSI overbought=71.9 | BB upper pct_b=1.10,0.556,0.8380925997105197,2026-02-25 10:15:00-05:00,195.47720944976808,25.271095671826675,196.73434834933386,192.96293165063653,246.9961630833395,24698.61630833395,2026-02-25 11:30:00-05:00,196.8327155235085,SL,-34.2551,1.0,4.9558,-35.2551,-0.001427,False,train
39,NVDA,SELL,2026-02-25 11:45:00-05:00,197.0601043701172,RSI overbought=74.2 | BB upper pct_b=0.87,0.556,0.7786387680888226,2026-02-25 12:00:00-05:00,196.96646994018556,25.00254809060087,198.13442809231879,194.63055363591909,246.233181845769,24622.3181845769,2026-02-25 15:45:00-05:00,195.9779448852539,EOD,24.7156,1.0,4.9111,23.7156,0.000963,True,train
33,AAPL,SELL,2026-02-25 09:45:00-05:00,273.93499755859375,MACD↓ hist=-0.0898 | RSI overbought=66.2 | BB upper pct_b=1.34,0.778,0.9919244733506328,2026-02-25 10:00:00-05:00,273.8030324401856,18.042617050802747,275.29091915021155,270.8272590201337,247.0061630833395,24699.61630833395,2026-02-25 15:45:00-05:00,274.3170826721191,EOD,-9.2748,1.0,4.9435,-10.2748,-0.000416,False,train
38,MSFT,SELL,2026-02-25 10:45:00-05:00,398.79998779296875,RSI overbought=78.4 | BB upper pct_b=0.91,0.556,1.872883053444059,2026-02-25 11:00:00-05:00,398.5606297607422,12.374314704918744,401.3699543409083,392.94198060041003,246.59573308250137,24658.573308250136,2026-02-25 15:45:00-05:00,401.57063931807875,SL,-37.2468,1.0,4.9493,-38.2468,-0.001551,False,train
37,GOOGL,BUY,2026-02-25 10:30:00-05:00,310.2850036621094,MACD↑ hist=+0.0687 | BB lower pct_b=0.20,0.444,1.2008421333808645,2026-02-25 10:45:00-05:00,310.42512400817867,15.888258649838157,308.6238608081074,314.0276504083213,246.60573308250136,24659.573308250136,2026-02-25 15:45:00-05:00,312.8435,EOD,38.4238,1.0,4.9526,37.4238,0.001518,True,train
36,QQQ,SELL,2026-02-25 10:00:00-05:00,614.6400146484375,RSI overbought=76.0 | BB upper pct_b=1.07,0.556,1.465278366457068,2026-02-25 10:15:00-05:00,614.3226898803712,8.040600392976984,616.5206074300568,609.926854781,246.9761630833395,24696.61630833395,2026-02-25 15:45:00-05:00,616.8288677337717,SL,-20.1512,1.0,4.9484,-21.1512,-0.000856,False,train
40,NVDA,BUY,2026-02-26 09:30:00-05:00,189.98500061035156,RSI oversold=20.2 | BB lower pct_b=-0.53,0.556,1.0377835347765088,2026-02-26 09:45:00-05:00,190.08500049591063,25.897661317008403,188.52832519374587,193.19835110024016,246.13784821432338,24612.78482143234,2026-02-26 09:45:00-05:00,188.434061031149,SL,-42.7555,1.0,4.9026,-43.7555,-0.001778,False,train
41,MSFT,SELL,2026-02-26 09:30:00-05:00,404.6400146484375,RSI overbought=78.5 | BB upper pct_b=1.32,0.556,1.5795597529933865,2026-02-26 09:45:00-05:00,404.4226875,12.150173622650218,406.79202712949007,399.68400824101985,245.6902935031906,24568.02935031906,2026-02-26 09:45:00-05:00,406.9954231430548,SL,-31.2592,1.0,4.9282,-32.2592,-0.001313,False,train
42,GOOGL,SELL,2026-02-26 09:30:00-05:00,308.4540100097656,MACD✗↓ hist=-0.0192,0.444,1.1958679352957928,2026-02-26 09:45:00-05:00,308.2358196411133,15.920129071396294,310.029621544057,304.6482158352259,245.35770165570764,24534.770165570764,2026-02-26 10:15:00-05:00,304.8005399431435,TP,54.6901,1.0,4.8786,53.6901,0.002188,True,train
45,QQQ,BUY,2026-02-26 10:00:00-05:00,608.9299926757812,RSI oversold=26.0 | BB lower pct_b=-0.37,0.556,1.1586212028796492,2026-02-26 10:15:00-05:00,609.239465057373,8.071197508337201,607.5015332530535,612.7153286660119,245.86460261758793,24585.46026175879,2026-02-26 10:15:00-05:00,607.197782486427,SL,-16.4788,1.0,4.9103,-17.4788,-0.000711,False,train
43,NVDA,BUY,2026-02-26 10:00:00-05:00,186.88999938964844,RSI oversold=15.0 | BB lower pct_b=-0.22,0.556,1.2128090927150605,2026-02-26 10:15:00-05:00,186.98344438934325,26.242719237200102,185.16423075027066,190.62187166748842,245.34770165570765,24533.770165570764,2026-02-26 10:30:00-05:00,185.07164863489552,SL,-50.1707,1.0,4.8831,-51.1707,-0.002086,False,train
44,MSFT,SELL,2026-02-26 10:00:00-05:00,404.55999755859375,RSI overbought=73.0 | BB upper pct_b=0.98,0.556,1.778952207549543,2026-02-26 10:15:00-05:00,404.3577175598145,12.13468624445958,407.0261458711388,399.0208609371659,245.33770165570763,24532.770165570764,2026-02-26 11:45:00-05:00,399.2203713676344,TP,62.3401,1.0,4.8744,61.3401,0.0025,True,train
48,QQQ,BUY,2026-02-26 10:30:00-05:00,607.0499877929688,RSI oversold=27.6 | BB lower pct_b=-0.06,0.556,1.5276681126711007,2026-02-26 10:45:00-05:00,607.3535127868652,8.072666150153427,605.0620106178585,611.9365171248785,245.14810719256516,24513.810719256515,2026-02-26 13:00:00-05:00,604.7594796125496,SL,-20.9408,1.0,4.8937,-21.9408,-0.000895,False,train
49,NVDA,BUY,2026-02-26 10:45:00-05:00,186.32899475097656,RSI oversold=17.9 | BB lower pct_b=0.07,0.556,1.285270278142605,2026-02-26 11:00:00-05:00,186.4231668319702,26.29910341706799,184.4952614147563,190.27897766639802,245.13810719256514,24512.810719256515,2026-02-26 15:00:00-05:00,184.40301378404894,SL,-53.1282,1.0,4.8774,-54.1282,-0.002208,False,train
51,NVDA,BUY,2026-02-26 15:15:00-05:00,184.6898956298828,MACD↑ hist=+0.1571 | RSI oversold=32.7 | BB lower pct_b=0.15,0.778,1.1331596944956663,2026-02-26 15:30:00-05:00,184.77233267211912,26.515963154693637,183.07259313037562,188.17181175560611,244.97081825703532,24496.08182570353,2026-02-26 15:45:00-05:00,184.80754389953614,EOD,0.9337,1.0,4.9011,-0.0663,-3e-06,False,train
46,AAPL,BUY,2026-02-26 10:30:00-05:00,271.42999267578125,RSI oversold=33.8 | BB lower pct_b=-0.17,0.556,1.0332463830129361,2026-02-26 10:45:00-05:00,271.60573622131346,18.05323485456831,270.0558666467941,274.70547537035225,245.16810719256515,24515.810719256515,2026-02-26 15:45:00-05:00,272.8534952392578,EOD,22.5261,1.0,4.9159,21.5261,0.000878,True,train
47,GOOGL,BUY,2026-02-26 10:30:00-05:00,304.2200012207031,RSI oversold=27.7 | BB lower pct_b=-0.00,0.556,1.452565619837883,2026-02-26 10:45:00-05:00,304.3921102294922,16.10804609933757,302.21326179973533,308.7498070890058,245.15810719256515,24514.810719256515,2026-02-26 15:45:00-05:00,307.2862824401856,EOD,46.6195,1.0,4.9277,45.6195,0.001861,True,train
50,QQQ,BUY,2026-02-26 14:00:00-05:00,608.719970703125,MACD✗↑ hist=+0.1983,0.444,1.4951389505195845,2026-02-26 14:15:00-05:00,609.0243306884765,8.062801041749472,606.7816222626972,613.5097475400353,245.52210039629117,24551.210039629117,2026-02-26 15:45:00-05:00,608.9553797607422,EOD,-0.5559,1.0,4.9114,-1.5559,-6.3e-05,False,train
53,AAPL,BUY,2026-02-27 09:30:00-05:00,268.9750061035156,RSI oversold=28.3 | BB lower pct_b=-0.31,0.556,1.0000870714685024,2026-02-27 09:45:00-05:00,269.06457980346676,18.256290078480305,267.564449196264,272.06484101787225,245.6060509368251,24559.605093682512,2026-02-27 12:15:00-05:00,267.43066697166586,SL,-29.8292,1.0,4.8984,-30.8292,-0.001255,False,train
56,AAPL,BUY,2026-02-27 12:30:00-05:00,267.3900146484375,RSI oversold=31.0 | BB lower pct_b=0.17,0.556,1.0639691393325814,2026-02-27 12:45:00-05:00,267.5086875,18.337180849173137,265.91273379100113,270.70059491799776,245.26775907062205,24525.775907062205,2026-02-27 13:15:00-05:00,265.77977742410565,SL,-31.7033,1.0,4.8907,-32.7033,-0.001333,False,train
52,NVDA,BUY,2026-02-27 09:30:00-05:00,180.60499572753906,RSI oversold=21.9 | BB lower pct_b=-0.32,0.556,1.3951400332181958,2026-02-27 09:45:00-05:00,180.70531299591065,27.184153787706666,178.61260294608334,184.89073309556522,245.61605093682513,24560.605093682512,2026-02-27 13:45:00-05:00,178.5232966446103,SL,-59.3163,1.0,4.8839,-60.3163,-0.002456,False,train
59,NVDA,BUY,2026-02-27 14:00:00-05:00,178.35000610351562,MACD↑ hist=+0.0615 | RSI oversold=23.0 | BB lower pct_b=0.16,0.778,0.9908929925870501,2026-02-27 14:15:00-05:00,178.43918110656736,27.38272631690347,176.95284161768677,181.4118600843285,244.3075630226753,24429.75630226753,2026-02-27 15:45:00-05:00,176.86436519687794,SL,-43.1228,1.0,4.8658,-44.1228,-0.001806,False,train
58,AAPL,BUY,2026-02-27 13:30:00-05:00,266.010009765625,RSI oversold=26.0 | BB lower pct_b=0.15,0.556,0.9608411397137518,2026-02-27 13:45:00-05:00,266.1430147705078,18.359870405266705,264.70175306093716,269.02553818964907,244.31756302267533,24430.75630226753,2026-02-27 15:45:00-05:00,264.5694021844067,SL,-28.8913,1.0,4.8731,-29.8913,-0.001224,False,train
54,MSFT,BUY,2026-02-27 09:30:00-05:00,391.8699951171875,RSI oversold=26.1 | BB lower pct_b=-0.48,0.556,2.1409384313564876,2026-02-27 09:45:00-05:00,392.0959438934326,12.527344633974355,388.8845362463979,398.51875918750204,245.59605093682512,24558.605093682512,2026-02-27 15:45:00-05:00,392.48365267944337,EOD,4.857,1.0,4.9156,3.857,0.000157,True,train
57,GOOGL,SELL,2026-02-27 12:30:00-05:00,307.1300048828125,MACD✗↓ hist=-0.0527,0.444,1.3761418340998877,2026-02-27 12:45:00-05:00,306.9464561004639,15.980491333012749,309.01066885161373,302.8180305981642,245.25775907062206,24524.775907062205,2026-02-27 15:45:00-05:00,309.1651741860395,SL,-35.4562,1.0,4.9216,-36.4562,-0.001487,False,train
55,QQQ,BUY,2026-02-27 09:30:00-05:00,603.6900024414062,MACD↑ hist=+0.1034 | RSI oversold=31.5 | BB lower pct_b=-0.07,0.778,1.7201034419954058,2026-02-27 09:45:00-05:00,603.9768252868652,8.132300467660542,601.396670123872,609.1371356128514,245.58605093682513,24557.605093682512,2026-02-27 15:45:00-05:00,607.0513029785157,EOD,25.0026,1.0,4.9255,24.0026,0.000977,True,train
64,NVDA,SELL,2026-03-02 15:00:00-05:00,181.8300018310547,MACD✗↓ hist=-0.0077,0.444,0.8758864640562954,2026-03-02 15:15:00-05:00,181.71909255981447,26.792061545061898,183.0329222558989,179.0914331676456,243.43145558876745,24342.145558876746,2026-03-02 15:45:00-05:00,182.45118061065673,EOD,-19.6141,1.0,4.8772,-20.6141,-0.000847,False,train
60,AAPL,BUY,2026-03-02 09:30:00-05:00,262.81500244140625,RSI oversold=22.7 | BB lower pct_b=-0.08,0.556,1.2772929769964543,2026-03-02 09:45:00-05:00,263.0214596557617,18.51342897324188,261.10552019026704,266.8533385867511,243.47145558876747,24346.145558876746,2026-03-02 15:45:00-05:00,264.4677061004639,EOD,26.775,1.0,4.884,25.775,0.001059,True,train
63,MSFT,SELL,2026-03-02 13:45:00-05:00,398.68499755859375,MACD✗↓ hist=-0.0389,0.444,1.7299891491008341,2026-03-02 14:00:00-05:00,398.550625,12.216337916357174,401.14560872365126,393.36065755269755,243.44145558876747,24343.145558876746,2026-03-02 15:45:00-05:00,398.5892096557617,EOD,-0.4714,1.0,4.8678,-1.4714,-6e-05,False,train
61,GOOGL,BUY,2026-03-02 09:30:00-05:00,305.1449890136719,MACD↑ hist=+0.0500 | BB lower pct_b=0.07,0.444,2.0546966413962706,2026-03-02 09:45:00-05:00,305.22254232788083,15.953045520945341,302.1404973657864,311.38663225206966,243.46145558876745,24345.145558876746,2026-03-02 15:45:00-05:00,306.10687976074223,EOD,14.1079,1.0,4.8775,13.1079,0.000538,True,train
62,QQQ,BUY,2026-03-02 09:30:00-05:00,603.6099853515625,MACD↑ hist=+0.0775 | BB lower pct_b=-0.11,0.444,2.03233610989749,2026-03-02 09:45:00-05:00,603.861777557373,8.063151689233623,600.8132733925268,609.9587858870655,243.45145558876746,24344.145558876746,2026-03-02 15:45:00-05:00,607.7359580383301,EOD,31.2381,1.0,4.8859,30.2381,0.001242,True,train
67,GOOGL,BUY,2026-03-03 09:30:00-05:00,300.3599853515625,RSI oversold=29.3 | BB lower pct_b=-0.38,0.556,1.8736345814533626,2026-03-03 09:45:00-05:00,300.49016633605953,16.231600059310175,297.67971446387946,306.1110700804196,243.8718100861254,24386.18100861254,2026-03-03 10:15:00-05:00,297.53087460664756,SL,-48.034,1.0,4.8546,-49.034,-0.002011,False,train
68,QQQ,BUY,2026-03-03 09:30:00-05:00,596.239990234375,RSI oversold=25.1 | BB lower pct_b=-0.47,0.556,2.3816900831224683,2026-03-03 09:45:00-05:00,596.5381102294922,8.175900446404343,592.9655751048085,603.6831804788596,243.86181008612542,24385.18100861254,2026-03-03 10:15:00-05:00,592.6690923172562,SL,-31.6327,1.0,4.8626,-32.6327,-0.001338,False,train
69,MSFT,BUY,2026-03-03 10:00:00-05:00,394.2250061035156,RSI oversold=34.9 | BB lower pct_b=-0.06,0.556,2.051635362903918,2026-03-03 10:15:00-05:00,394.4221186065674,12.365016999939877,391.3446655622115,400.57702469527914,243.8518100861254,24384.18100861254,2026-03-03 11:30:00-05:00,400.3767361829315,TP,73.6289,1.0,4.9151,72.6289,0.002979,True,train
66,AAPL,BUY,2026-03-03 09:30:00-05:00,262.9649963378906,RSI oversold=34.3 | BB lower pct_b=-0.15,0.556,1.2989350256762489,2026-03-03 09:45:00-05:00,263.1815127868652,18.533354224134317,261.23311024835084,267.078317863894,243.8818100861254,24387.18100861254,2026-03-03 12:30:00-05:00,261.1024936932267,SL,-38.5312,1.0,4.8596,-39.5312,-0.001621,False,train
71,QQQ,BUY,2026-03-03 10:30:00-05:00,593.3800048828125,RSI oversold=25.8 | BB lower pct_b=0.04,0.556,2.571147638124981,2026-03-03 10:45:00-05:00,593.6566653442383,8.187060192252575,589.7999438870507,601.3701082586132,243.01514263526107,24300.514263526107,2026-03-03 13:15:00-05:00,601.0694232044839,TP,60.6887,1.0,4.8919,59.6887,0.002456,True,train
72,MSFT,SELL,2026-03-03 12:30:00-05:00,402.3599853515625,RSI overbought=65.7 | BB upper pct_b=0.90,0.556,2.127769546465656,2026-03-03 12:45:00-05:00,402.11884732055665,12.102696591282552,405.31050164025515,395.7355386811597,243.3361201378485,24332.61201378485,2026-03-03 13:30:00-05:00,405.51315689107525,SL,-41.0803,1.0,4.886,-42.0803,-0.001729,False,train
70,GOOGL,BUY,2026-03-03 10:30:00-05:00,297.2300109863281,RSI oversold=23.5 | BB lower pct_b=-0.00,0.556,1.9246656287884716,2026-03-03 10:45:00-05:00,297.38861022949214,16.34394420470379,294.5016117863094,303.16260711585755,243.0251426352611,24301.514263526107,2026-03-03 15:15:00-05:00,303.01102581229964,TP,91.8924,1.0,4.9077,90.8924,0.00374,True,train
65,NVDA,BUY,2026-03-03 09:30:00-05:00,178.44500732421875,RSI oversold=29.9 | BB lower pct_b=-0.45,0.556,1.0921339566100983,2026-03-03 09:45:00-05:00,178.50920816802977,27.325403836484597,176.87100723311463,181.78561003786007,243.89181008612542,24388.18100861254,2026-03-03 15:45:00-05:00,179.9000104904175,EOD,38.0042,1.0,4.8981,37.0042,0.001517,True,train
73,AAPL,BUY,2026-03-03 12:45:00-05:00,260.7300109863281,RSI oversold=32.5 | BB lower pct_b=0.06,0.556,1.3440368717774425,2026-03-03 13:00:00-05:00,260.9103887786865,18.65208367339074,258.8943334710204,264.94249939401885,243.32612013784848,24331.61201378485,2026-03-03 15:45:00-05:00,263.5781364593506,EOD,49.7591,1.0,4.8926,48.7591,0.002004,True,train
74,MSFT,SELL,2026-03-03 13:45:00-05:00,405.5,RSI overbought=71.7 | BB upper pct_b=0.90,0.556,2.015467522334418,2026-03-03 14:00:00-05:00,405.2672662200928,12.016376568881244,408.2904675035944,399.2208636530895,243.492204097084,24348.2204097084,2026-03-03 15:45:00-05:00,403.9818887786865,EOD,15.4456,1.0,4.8609,14.4456,0.000593,True,train
75,QQQ,SELL,2026-03-04 10:00:00-05:00,607.0999755859375,RSI overbought=66.4 | BB upper pct_b=1.12,0.556,2.2632682519448477,2026-03-04 10:15:00-05:00,606.8064303588867,8.088022966144354,610.2013327368039,600.0166256030521,245.39321723733752,24538.321723733752,2026-03-04 10:15:00-05:00,610.5064334031723,SL,-29.9257,1.0,4.9216,-30.9257,-0.00126,False,train
78,MSFT,SELL,2026-03-04 11:30:00-05:00,406.4649963378906,MACD↓ hist=-0.0550 | BB upper pct_b=0.96,0.444,2.096327199274574,2026-03-04 11:45:00-05:00,406.23678244018555,12.064587488576297,409.3812732390974,399.94780084236186,245.0539601413677,24504.396014136768,2026-03-04 13:00:00-05:00,409.58596387571697,SL,-40.4065,1.0,4.92,-41.4065,-0.00169,False,train
77,QQQ,SELL,2026-03-04 10:30:00-05:00,609.1300048828125,RSI overbought=66.3 | BB upper pct_b=1.00,0.556,2.366698100728274,2026-03-04 10:45:00-05:00,608.8354446411133,8.050252734080686,612.3854917922057,601.7353503389285,245.0639601413677,24505.396014136768,2026-03-04 13:30:00-05:00,612.6916845381018,SL,-31.0437,1.0,4.9156,-32.0437,-0.001308,False,train
76,NVDA,SELL,2026-03-04 10:15:00-05:00,183.47000122070312,RSI overbought=66.8 | BB upper pct_b=1.28,0.556,1.2077600332556808,2026-03-04 10:30:00-05:00,183.3882557296753,26.72733421955009,185.19989577955883,179.76497562990826,245.07396014136768,24506.396014136768,2026-03-04 15:45:00-05:00,182.9914438934326,EOD,10.6057,1.0,4.895,9.6057,0.000392,True,train
80,AAPL,SELL,2026-03-04 13:15:00-05:00,263.7799987792969,MACD✗↓ hist=-0.0092,0.444,1.0916012090125449,2026-03-04 13:30:00-05:00,263.6680877990723,18.5551385652206,265.3054896125911,260.39328417203467,244.61989521692686,24460.989521692685,2026-03-04 15:45:00-05:00,262.5812372131347,EOD,20.1667,1.0,4.8811,19.1667,0.000784,True,train
81,MSFT,SELL,2026-03-04 13:15:00-05:00,410.07000732421875,RSI overbought=66.4 | BB upper pct_b=1.00,0.556,2.1226881452598807,2026-03-04 13:30:00-05:00,409.83999092102056,11.936848557273423,413.02402313891037,403.47192648524094,244.60989521692684,24459.989521692685,2026-03-04 15:45:00-05:00,405.2025,EOD,55.357,1.0,4.8633,54.357,0.002222,True,train
79,GOOGL,SELL,2026-03-04 13:00:00-05:00,303.55999755859375,MACD✗↓ hist=-0.0084,0.444,1.2416651317307685,2026-03-04 13:15:00-05:00,303.4281965789795,16.124400960426364,305.29069427657566,299.7032011837872,244.62989521692685,24461.989521692685,2026-03-04 15:45:00-05:00,303.1815137786865,EOD,3.9776,1.0,4.8894,2.9776,0.000122,True,train
82,QQQ,SELL,2026-03-04 14:15:00-05:00,612.3400268554688,MACD✗↓ hist=-0.0580 | RSI overbought=66.6,0.778,1.4783328589514382,2026-03-04 14:30:00-05:00,612.02885446167,7.98261246601031,614.2463537500971,607.5938558848156,244.27945815918685,24426.945815918683,2026-03-04 15:45:00-05:00,610.8552627868652,EOD,9.3683,1.0,4.8797,8.3683,0.000343,True,train
83,AAPL,BUY,2026-03-05 09:30:00-05:00,259.33990478515625,RSI oversold=23.2 | BB lower pct_b=-0.28,0.556,1.0284878531654673,2026-03-05 09:45:00-05:00,259.46966633605956,18.901185263541045,257.9269345563114,262.555129895556,245.21421168435202,24520.4211684352,2026-03-05 13:45:00-05:00,257.79797108903324,SL,-31.597,1.0,4.8897,-32.597,-0.001329,False,train
86,NVDA,BUY,2026-03-05 12:30:00-05:00,179.36000061035156,RSI oversold=32.9 | BB lower pct_b=-0.22,0.556,1.161867987159804,2026-03-05 12:45:00-05:00,179.43968110656738,27.327758294302768,177.69687912582768,182.92528506804678,245.18421168435202,24517.4211684352,2026-03-05 15:45:00-05:00,182.83382242551275,TP,92.7543,1.0,4.9513,91.7543,0.003742,True,train
88,AAPL,BUY,2026-03-05 14:00:00-05:00,258.260009765625,RSI oversold=34.9 | BB lower pct_b=0.16,0.556,1.0458702344472193,2026-03-05 14:15:00-05:00,258.3991240081787,18.950392530039714,256.83031865650787,261.53673471152035,244.83824146866976,24482.824146866977,2026-03-05 15:45:00-05:00,260.17984255981446,EOD,33.7453,1.0,4.9149,32.7453,0.001337,True,train
85,MSFT,SELL,2026-03-05 09:45:00-05:00,410.8500061035156,MACD↓ hist=-0.2119 | BB upper pct_b=0.88,0.444,1.971531946308443,2026-03-05 10:00:00-05:00,410.6345763397217,11.94220973157899,413.5918742591844,404.7199805007964,245.194211684352,24518.4211684352,2026-03-05 15:45:00-05:00,410.92536122131344,EOD,-3.4726,1.0,4.9044,-4.4726,-0.000182,False,train
84,GOOGL,BUY,2026-03-05 09:30:00-05:00,299.30499267578125,RSI oversold=28.7 | BB lower pct_b=-0.40,0.556,1.1855160532867666,2026-03-05 09:45:00-05:00,299.4496377868652,16.376991703618447,297.67136370693504,303.0061859467255,245.204211684352,24519.4211684352,2026-03-05 15:45:00-05:00,300.7395696411133,EOD,21.1252,1.0,4.9159,20.1252,0.000821,True,train
87,QQQ,BUY,2026-03-05 12:30:00-05:00,604.0900268554688,RSI oversold=34.7 | BB lower pct_b=-0.07,0.556,2.044731331032865,2026-03-05 12:45:00-05:00,604.3720423278809,8.11335384542296,601.3049453313316,610.5062363209795,245.17421168435203,24516.4211684352,2026-03-05 15:45:00-05:00,608.6654857177734,EOD,34.8342,1.0,4.9221,33.8342,0.00138,True,train
93,NVDA,SELL,2026-03-06 12:15:00-05:00,181.13999938964844,MACD✗↓ hist=-0.0005,0.444,1.0756493328861036,2026-03-06 12:30:00-05:00,181.04942938995362,27.23323750174142,182.66290338928277,177.8224813912953,246.52810550656847,24651.810550656846,2026-03-06 15:15:00-05:00,177.91139263199094,TP,85.4589,1.0,4.8866,84.4589,0.003426,True,validate
94,NVDA,BUY,2026-03-06 15:30:00-05:00,177.75999450683594,RSI oversold=30.6 | BB lower pct_b=-0.04,0.556,1.0381247845996968,2026-03-06 15:45:00-05:00,177.81886072540283,27.82187373157753,176.2616735485033,180.93323507920192,247.3626945097564,24735.26945097564,2026-03-06 15:45:00-05:00,177.6411307296753,EOD,-4.9448,1.0,4.946,-5.9448,-0.00024,False,validate
89,AAPL,BUY,2026-03-06 09:30:00-05:00,255.50999450683594,MACD↑ hist=+0.0089 | RSI oversold=32.9 | BB lower pct_b=-0.19,0.778,1.4437219800360361,2026-03-06 09:45:00-05:00,255.62144496917722,19.291660411066026,253.45586199912316,259.95261090928534,246.56810550656846,24655.810550656846,2026-03-06 15:45:00-05:00,257.40623616027835,EOD,34.4316,1.0,4.9498,33.4316,0.001356,True,validate
92,MSFT,SELL,2026-03-06 12:00:00-05:00,410.90008544921875,MACD✗↓ hist=-0.0218,0.444,1.9524234981112527,2026-03-06 12:15:00-05:00,410.6745648803711,12.00649500065263,413.603200127538,404.81729438603736,246.53810550656846,24652.810550656846,2026-03-06 15:45:00-05:00,408.8243051147461,EOD,22.2151,1.0,4.9184,21.2151,0.000861,True,validate
90,GOOGL,BUY,2026-03-06 09:30:00-05:00,297.19500732421875,MACD↑ hist=+0.0937 | BB lower pct_b=-0.13,0.444,1.5040278584168996,2026-03-06 09:45:00-05:00,297.3436048278808,16.584053028434234,295.0875630402555,301.8556884031315,246.55810550656847,24654.810550656846,2026-03-06 15:45:00-05:00,298.2907824401856,EOD,15.708,1.0,4.9403,14.708,0.000597,True,validate
91,QQQ,BUY,2026-03-06 09:30:00-05:00,600.2000732421875,MACD↑ hist=+0.0902 | BB lower pct_b=-0.05,0.444,2.600093180438342,2026-03-06 09:45:00-05:00,600.5200806884766,8.211152746929267,596.6199409178191,608.3203602297916,246.54810550656848,24653.810550656846,2026-03-06 15:45:00-05:00,599.5700601196289,EOD,-7.8008,1.0,4.9283,-8.8008,-0.000357,False,validate
98,GOOGL,BUY,2026-03-09 09:30:00-04:00,295.6400146484375,RSI oversold=30.2 | BB lower pct_b=-0.40,0.556,1.3071352473237698,2026-03-09 09:45:00-04:00,295.7828272705078,16.760187802750924,293.8221243995222,299.7042330124791,247.86878669411746,24785.878669411744,2026-03-09 10:45:00-04:00,299.5543808959729,TP,63.2119,1.0,4.9902,62.2119,0.00251,True,validate
95,NVDA,BUY,2026-03-09 09:30:00-04:00,176.1199951171875,RSI oversold=24.5 | BB lower pct_b=-0.08,0.556,1.1281524389084678,2026-03-09 09:45:00-04:00,176.21306249999998,28.13625541456298,174.52083384163728,179.5975198167254,247.89878669411746,24788.878669411744,2026-03-09 11:45:00-04:00,179.50772105681705,TP,92.6994,1.0,5.0056,91.6994,0.003699,True,validate
99,QQQ,BUY,2026-03-09 09:30:00-04:00,593.010009765625,RSI oversold=24.5 | BB lower pct_b=-0.37,0.556,2.4532576154977415,2026-03-09 09:45:00-04:00,593.2764704589844,8.355591331723073,589.5965840357378,600.6362433054776,247.85878669411744,24784.878669411744,2026-03-09 12:15:00-04:00,600.3359251838249,TP,58.9859,1.0,4.9879,57.9859,0.00234,True,validate
96,AAPL,BUY,2026-03-09 09:30:00-04:00,254.9600067138672,MACD↑ hist=+0.0143 | BB lower pct_b=-0.23,0.444,1.2128642414129938,2026-03-09 09:45:00-04:00,255.0774719467163,19.436352791351133,253.25817558459678,258.7160646709553,247.88878669411744,24787.878669411744,2026-03-09 15:15:00-04:00,258.58670663861983,TP,68.2067,1.0,4.9931,67.2067,0.002711,True,validate
100,GOOGL,SELL,2026-03-09 12:30:00-04:00,301.7799987792969,RSI overbought=66.7 | BB upper pct_b=0.97,0.556,1.3250404543399898,2026-03-09 12:45:00-04:00,301.6391135406494,16.57396190860906,303.6266742221594,297.66399217762944,249.96775889846634,24995.775889846635,2026-03-09 15:15:00-04:00,303.77848755927045,SL,-35.4579,1.0,5.0158,-36.4579,-0.001459,False,validate
102,AAPL,SELL,2026-03-09 15:30:00-04:00,260.0199890136719,RSI overbought=68.4 | BB upper pct_b=1.20,0.556,1.0550230801883538,2026-03-09 15:45:00-04:00,259.87,19.260033639783913,261.45253462028256,256.70493075943494,250.25524709853227,25024.524709853227,2026-03-09 15:45:00-04:00,260.0199596557617,EOD,-2.8882,1.0,5.0053,-3.8882,-0.000155,False,validate
97,MSFT,BUY,2026-03-09 09:30:00-04:00,404.69000244140625,RSI oversold=30.8 | BB lower pct_b=-0.38,0.556,1.8380408000395556,2026-03-09 09:45:00-04:00,404.8823326721191,12.244485209230115,402.12527147205975,410.39645507223776,247.87878669411745,24786.878669411744,2026-03-09 15:45:00-04:00,409.24528720092775,EOD,53.4221,1.0,4.9855,52.4221,0.002115,True,validate
103,GOOGL,SELL,2026-03-09 15:30:00-04:00,305.1499938964844,RSI overbought=75.7 | BB upper pct_b=1.09,0.556,1.226747949654358,2026-03-09 15:45:00-04:00,304.9324489593506,16.44499212832386,306.77257088383215,301.25220511038754,250.73058614035187,25072.058614035188,2026-03-09 15:45:00-04:00,306.92595716927406,SL,-32.7832,1.0,5.0297,-33.7832,-0.001347,False,validate
101,QQQ,SELL,2026-03-09 15:15:00-04:00,606.780029296875,RSI overbought=69.0 | BB upper pct_b=1.36,0.556,2.088030072009313,2026-03-09 15:30:00-04:00,606.4366202392579,8.253632407614004,609.5686653472718,600.1725300232299,250.26524709853229,25025.524709853227,2026-03-09 15:45:00-04:00,608.0638897705078,EOD,-13.4309,1.0,5.0108,-14.4309,-0.000577,False,validate
104,NVDA,SELL,2026-03-09 15:45:00-04:00,182.67999267578125,RSI overbought=66.8 | BB upper pct_b=1.14,0.556,1.024487008458578,2026-03-10 09:30:00-04:00,182.30879389953614,27.45215298442043,183.845524412224,179.2353328741604,250.23844502676198,25022.8445026762,2026-03-10 09:45:00-04:00,183.9374471744301,SL,-44.71,1.0,5.0259,-45.71,-0.001827,False,validate
107,NVDA,SELL,2026-03-10 10:00:00-04:00,183.12789916992188,RSI overbought=66.0 | BB upper pct_b=0.94,0.556,1.080761739592883,2026-03-10 10:15:00-04:00,183.0184456100464,27.292477958237317,184.63958821943572,179.77616039126775,249.75134463815235,24974.134463815233,2026-03-10 10:30:00-04:00,184.73190801354542,SL,-46.7646,1.0,5.0171,-47.7646,-0.001913,False,validate
106,QQQ,SELL,2026-03-10 09:30:00-04:00,608.77001953125,RSI overbought=72.5 | BB upper pct_b=1.05,0.556,2.2510411895988147,2026-03-10 09:45:00-04:00,608.3956622009277,8.21049064467743,611.7722239853259,601.6425386321313,249.76134463815234,24975.134463815233,2026-03-10 11:00:00-04:00,612.0781100973186,SL,-30.2347,1.0,5.0091,-31.2347,-0.001251,False,validate
110,NVDA,SELL,2026-03-10 10:45:00-04:00,185.47000122070312,RSI overbought=74.6 | BB upper pct_b=1.01,0.556,1.0818264997444058,2026-03-10 11:00:00-04:00,185.3772662200928,26.890427652917833,187.0000059697094,182.13178672085957,249.24369828935468,24923.36982893547,2026-03-10 15:45:00-04:00,184.85237450408934,EOD,14.1146,1.0,4.9766,13.1146,0.000526,True,validate
109,AAPL,SELL,2026-03-10 10:30:00-04:00,261.0799865722656,RSI overbought=66.6 | BB upper pct_b=1.03,0.556,1.2634107919020532,2026-03-10 10:45:00-04:00,260.9694561004639,19.10213570690058,262.864572288317,257.1792237247577,249.2536982893547,24924.36982893547,2026-03-10 15:45:00-04:00,260.85036122131345,EOD,2.275,1.0,4.9827,1.275,5.1e-05,True,validate
108,MSFT,BUY,2026-03-10 10:00:00-04:00,404.1199951171875,MACD↑ hist=+0.0100 | BB lower pct_b=0.16,0.444,1.8875263099016115,2026-03-10 10:15:00-04:00,404.2920413360595,12.35450214715258,401.4607518712071,409.95462026576433,249.74134463815233,24973.134463815233,2026-03-10 15:45:00-04:00,405.5571297607422,EOD,15.6295,1.0,5.0039,14.6295,0.000586,True,validate
105,GOOGL,SELL,2026-03-10 09:30:00-04:00,308.0899963378906,RSI overbought=82.6 | BB upper pct_b=1.15,0.556,1.3450536893902691,2026-03-10 09:45:00-04:00,307.8958712921143,16.224403632953127,309.9134518261997,303.8607102239435,249.77134463815233,24976.134463815233,2026-03-10 15:45:00-04:00,307.1935285491943,EOD,11.3951,1.0,4.9885,10.3951,0.000416,True,validate
111,QQQ,SELL,2026-03-10 11:15:00-04:00,611.469970703125,RSI overbought=70.8 | BB upper pct_b=0.84,0.556,2.203153595222504,2026-03-10 11:30:00-04:00,611.19425,8.145408804134739,614.4989803928338,604.5847892143325,248.9213512493264,24891.13512493264,2026-03-10 15:45:00-04:00,607.9438346557616,EOD,26.476,1.0,4.964,25.476,0.001023,True,validate
112,NVDA,SELL,2026-03-11 09:30:00-04:00,186.07000732421875,MACD↓ hist=-0.1888 | BB upper pct_b=0.81,0.444,0.9880552888603218,2026-03-11 09:45:00-04:00,185.97697232055665,26.83775838951374,187.45905525384714,183.01280645397568,249.5602524576192,24955.02524576192,2026-03-11 10:00:00-04:00,187.55278478147406,SL,-42.2913,1.0,5.0111,-43.2913,-0.001735,False,validate
113,MSFT,BUY,2026-03-11 09:30:00-04:00,407.739990234375,MACD✗↑ hist=+0.1699,0.444,1.515089206108226,2026-03-11 09:45:00-04:00,407.76377755737303,12.239942152414805,405.4911437482107,412.3090451756977,249.55025245761922,24954.02524576192,2026-03-11 10:15:00-04:00,405.2883981763366,SL,-30.2985,1.0,4.9771,-31.2985,-0.001254,False,validate
114,GOOGL,SELL,2026-03-11 09:45:00-04:00,309.04998779296875,MACD↓ hist=-0.2409 | BB upper pct_b=0.85,0.444,1.2020249745650153,2026-03-11 10:00:00-04:00,308.8555047607422,16.13099561943438,310.6585422225897,305.24942983704716,249.10733971668634,24909.733971668633,2026-03-11 10:15:00-04:00,310.81387149370096,SL,-31.5904,1.0,4.9967,-32.5904,-0.001308,False,validate
117,NVDA,SELL,2026-03-11 11:00:00-04:00,186.13499450683594,MACD✗↓ hist=-0.0033,0.444,1.020910521613889,2026-03-11 11:15:00-04:00,186.0369398803711,26.708507549118377,187.56830566279194,182.97420831552944,248.43845066048863,24842.845066048863,2026-03-11 15:45:00-04:00,186.10299950408935,EOD,-1.7644,1.0,4.9684,-2.7644,-0.000111,False,validate
115,MSFT,SELL,2026-03-11 10:45:00-04:00,404.260009765625,MACD✗↓ hist=-0.0669,0.444,1.680582968921565,2026-03-11 11:00:00-04:00,404.0978377990723,12.296945314715021,406.61871225245466,399.05608889230757,248.45845066048864,24844.845066048863,2026-03-11 15:45:00-04:00,405.0224173278808,EOD,-11.3695,1.0,4.9736,-12.3695,-0.000498,False,validate
116,GOOGL,SELL,2026-03-11 10:45:00-04:00,310.70001220703125,RSI overbought=65.7 | BB upper pct_b=0.97,0.556,1.3309690900966518,2026-03-11 11:00:00-04:00,310.54466220092775,16.000819263783594,312.5411158360727,306.5517549306378,248.44845066048865,24843.845066048863,2026-03-11 15:45:00-04:00,308.86434645080567,EOD,26.8864,1.0,4.9543,25.8864,0.001042,True,validate
118,QQQ,BUY,2026-03-11 15:30:00-04:00,607.52001953125,MACD✗↑ hist=+0.0056,0.444,1.5659373868866466,2026-03-11 15:45:00-04:00,607.8237795410156,8.177895789327842,605.4748734606857,612.5215917016756,248.53597636809025,24852.597636809023,2026-03-11 15:45:00-04:00,607.4261154785156,EOD,-3.2521,1.0,4.9703,-4.2521,-0.000171,False,validate
119,AAPL,BUY,2026-03-11 15:45:00-04:00,260.80999755859375,MACD✗↑ hist=+0.0116,0.444,0.7176449453224238,2026-03-12 09:30:00-04:00,258.7693346557617,19.20501562876625,257.6928672377781,260.92226949172897,248.48345581546738,24847.34558154674,2026-03-12 09:30:00-04:00,257.5640208041592,SL,-23.1481,1.0,4.9593,-24.1481,-0.000972,False,validate
120,QQQ,BUY,2026-03-12 09:30:00-04:00,602.489990234375,RSI oversold=32.2 | BB lower pct_b=-0.38,0.556,1.8453206484427593,2026-03-12 09:45:00-04:00,602.7712056884766,8.236358099367553,600.0032247158124,608.3071676338049,248.23197510189144,24822.197510189144,2026-03-12 09:45:00-04:00,599.7032231034545,SL,-25.269,1.0,4.9532,-26.269,-0.001058,False,validate
124,GOOGL,BUY,2026-03-12 09:45:00-04:00,304.4100036621094,RSI oversold=29.3 | BB lower pct_b=-0.33,0.556,1.2387226553368218,2026-03-12 10:00:00-04:00,304.5321948852539,16.282632131107267,302.67411090224863,308.24836285126435,247.92928506976278,24791.928506976277,2026-03-12 10:30:00-04:00,302.5227738467975,SL,-32.7187,1.0,4.9435,-33.7187,-0.00136,False,validate
121,NVDA,BUY,2026-03-12 09:45:00-04:00,182.3800048828125,RSI oversold=29.5 | BB lower pct_b=-0.37,0.556,0.8624716332804098,2026-03-12 10:00:00-04:00,182.4711948852539,27.17790994087486,181.1774874353333,185.05860978509514,247.95928506976279,24794.928506976277,2026-03-12 15:45:00-04:00,182.91848950958254,EOD,12.1565,1.0,4.9665,11.1565,0.00045,True,test
122,AAPL,BUY,2026-03-12 09:45:00-04:00,255.47000122070312,RSI oversold=23.3 | BB lower pct_b=-0.34,0.556,1.0067449199204668,2026-03-12 10:00:00-04:00,255.56772244262694,19.403802851154303,254.05760506274623,258.58795720238834,247.94928506976277,24793.928506976277,2026-03-12 15:45:00-04:00,255.622125,EOD,1.0556,1.0,4.9608,0.0556,2e-06,True,test
123,MSFT,BUY,2026-03-12 09:45:00-04:00,402.7099914550781,MACD↑ hist=+0.0825 | BB lower pct_b=0.11,0.444,1.3493540349119315,2026-03-12 10:00:00-04:00,402.90136221313475,12.30769157531927,400.87733116076686,406.9494243178705,247.93928506976278,24792.928506976277,2026-03-12 15:45:00-04:00,401.6890696411133,EOD,-14.9205,1.0,4.9526,-15.9205,-0.000642,False,test
126,GOOGL,BUY,2026-03-12 10:45:00-04:00,302.0199890136719,RSI oversold=22.2 | BB lower pct_b=-0.03,0.556,1.282616511189103,2026-03-12 11:00:00-04:00,302.1709990081787,16.386224968426237,300.247074241395,306.01884854174597,247.57209843410587,24756.209843410586,2026-03-12 15:45:00-04:00,303.3582547607422,EOD,19.4546,1.0,4.9624,18.4546,0.000745,True,test
125,QQQ,BUY,2026-03-12 10:15:00-04:00,598.9000244140625,RSI oversold=29.7 | BB lower pct_b=-0.13,0.556,2.051881295439991,2026-03-12 10:30:00-04:00,599.2094281311034,8.263624930145005,596.1316061879435,605.3650720174234,247.58209843410586,24757.209843410586,2026-03-12 15:45:00-04:00,597.0413568420411,EOD,-17.9161,1.0,4.9439,-18.9161,-0.000764,False,test
127,NVDA,BUY,2026-03-13 09:30:00-04:00,185.5738983154297,MACD✗↑ hist=+0.1413,0.444,0.9113661128456897,2026-03-13 09:45:00-04:00,185.66338771820068,26.662273360345008,184.29633854893214,188.39748605673776,247.51039981751939,24750.03998175194,2026-03-13 10:00:00-04:00,184.2041903796577,SL,-38.9055,1.0,4.932,-39.9055,-0.001612,False,test
128,NVDA,BUY,2026-03-13 10:30:00-04:00,182.89999389648438,MACD↑ hist=+0.0438 | BB lower pct_b=0.19,0.444,0.9770195163226056,2026-03-13 10:45:00-04:00,182.9914438934326,27.00687413321388,181.5259146189487,185.92250244240043,247.10134463425018,24709.134463425016,2026-03-13 11:30:00-04:00,181.43515166163922,SL,-42.0306,1.0,4.9222,-43.0306,-0.001741,False,test
129,AAPL,BUY,2026-03-13 10:30:00-04:00,254.3300018310547,MACD↑ hist=+0.0810 | RSI oversold=34.9 | BB lower pct_b=-0.18,0.778,0.9025388417456822,2026-03-13 10:45:00-04:00,254.4571668319702,19.421056023736675,253.10335856935168,257.1647833572072,247.09134463425016,24708.134463425016,2026-03-13 11:30:00-04:00,252.97680689006702,SL,-28.7502,1.0,4.9287,-29.7502,-0.001204,False,test
130,MSFT,BUY,2026-03-13 10:45:00-04:00,398.9200134277344,RSI oversold=33.3 | BB lower pct_b=-0.10,0.556,1.6991927081253368,2026-03-13 11:00:00-04:00,399.0894596557617,12.382253585317562,396.5406705935737,404.1870377801377,247.08134463425017,24707.134463425016,2026-03-13 11:30:00-04:00,396.34240025827694,SL,-34.0148,1.0,4.9258,-35.0148,-0.001417,False,test
131,QQQ,BUY,2026-03-13 10:45:00-04:00,595.9749755859375,MACD↑ hist=+0.0530 | BB lower pct_b=-0.07,0.444,2.0815897302928947,2026-03-13 11:00:00-04:00,596.2779704589843,8.287119661458137,593.155585863545,602.522739649863,247.07134463425018,24706.134463425016,2026-03-13 13:45:00-04:00,592.8590080706132,SL,-28.3334,1.0,4.9285,-29.3334,-0.001187,False,test
133,AAPL,BUY,2026-03-13 11:45:00-04:00,252.10000610351562,RSI oversold=25.7 | BB lower pct_b=-0.10,0.556,0.9402966834897016,2026-03-13 12:00:00-04:00,252.24605511474607,19.502654996429285,250.8356100895115,255.06694516521517,245.97338935565892,24596.33893556589,2026-03-13 14:00:00-04:00,250.71019228446676,SL,-29.9534,1.0,4.9057,-30.9534,-0.001258,False,test
137,AAPL,BUY,2026-03-13 14:30:00-04:00,251.77000427246094,MACD✗↑ hist=+0.0143,0.444,0.8273691268506599,2026-03-13 14:45:00-04:00,251.90579718017577,19.47795759911581,250.6647434898998,254.38790456072775,245.33052182234655,24532.052182234656,2026-03-13 15:00:00-04:00,250.53941111815485,SL,-26.6144,1.0,4.8945,-27.6144,-0.001126,False,test
135,NVDA,BUY,2026-03-13 13:45:00-04:00,180.51499938964844,RSI oversold=34.1 | BB lower pct_b=0.19,0.556,0.8465235585646079,2026-03-13 14:00:00-04:00,180.60525688934325,27.20408697758672,179.33547155149634,183.14482756503708,245.66005585135434,24565.005585135434,2026-03-13 15:45:00-04:00,180.17486688995362,EOD,-11.7084,1.0,4.9086,-12.7084,-0.000517,False,test
138,AAPL,BUY,2026-03-13 15:15:00-04:00,250.2949981689453,MACD↑ hist=+0.0064 | RSI oversold=29.1 | BB lower pct_b=0.12,0.778,0.8061888915789569,2026-03-13 15:30:00-04:00,250.4051387786865,19.57183298391663,249.19585544131806,252.82370545342337,245.04437772454588,24503.43777245459,2026-03-13 15:45:00-04:00,249.9899479904175,EOD,-8.126,1.0,4.898,-9.126,-0.000372,False,test
134,MSFT,BUY,2026-03-13 11:45:00-04:00,395.5,RSI oversold=24.8 | BB lower pct_b=-0.06,0.556,1.684651920768237,2026-03-13 12:00:00-04:00,395.6677362213135,12.432825163084884,393.14075834016114,400.7216919836182,245.9633893556589,24595.33893556589,2026-03-13 15:45:00-04:00,395.41218035888676,EOD,-3.1773,1.0,4.9189,-4.1773,-0.00017,False,test
132,GOOGL,SELL,2026-03-13 11:30:00-04:00,303.32501220703125,MACD✗↓ hist=-0.0435,0.444,1.3116921227460772,2026-03-13 11:45:00-04:00,303.1683473205567,16.227511317041756,305.1358855046758,299.23327095231843,245.98338935565891,24597.33893556589,2026-03-13 15:45:00-04:00,302.37111122131347,EOD,12.9372,1.0,4.912,11.9372,0.000485,True,test
136,QQQ,BUY,2026-03-13 14:15:00-04:00,594.0800170898438,MACD✗↑ hist=+0.0088,0.444,1.7777895280270475,2026-03-13 14:30:00-04:00,594.3420054016113,8.255870175508258,591.6753211095707,599.6753739856924,245.34052182234657,24533.052182234656,2026-03-13 15:45:00-04:00,593.3931574401856,EOD,-7.8336,1.0,4.9041,-8.8336,-0.00036,False,test
139,NVDA,SELL,2026-03-16 09:30:00-04:00,184.26010131835938,RSI overbought=66.6 | BB upper pct_b=1.42,0.556,1.0109127972284948,2026-03-16 09:45:00-04:00,184.15787500000002,26.58645976621146,185.67424419584276,181.12513660831453,244.80529671592495,24479.529671592496,2026-03-16 15:00:00-04:00,185.76708131794067,SL,-42.7831,1.0,4.9163,-43.7831,-0.001789,False,test
140,AAPL,BUY,2026-03-16 09:30:00-04:00,251.55999755859375,MACD✗↑ hist=+0.0873,0.444,0.9298990891967929,2026-03-16 09:45:00-04:00,251.7358056106567,19.44858786552866,250.34095697686152,254.5255028782471,244.79529671592496,24478.529671592496,2026-03-16 15:45:00-04:00,252.65360877990724,EOD,17.85,1.0,4.9061,16.85,0.000688,True,test
142,GOOGL,SELL,2026-03-16 10:00:00-04:00,306.05999755859375,RSI overbought=65.1 | BB upper pct_b=1.14,0.556,1.246133933507984,2026-03-16 10:15:00-04:00,305.8969627990723,16.00377424320522,307.7661636993343,302.15856099854835,244.77529671592495,24476.529671592496,2026-03-16 15:45:00-04:00,305.7227923278808,EOD,2.7874,1.0,4.8929,1.7874,7.3e-05,True,test
141,QQQ,SELL,2026-03-16 09:45:00-04:00,601.9099731445312,RSI overbought=67.0 | BB upper pct_b=1.28,0.556,1.9907413222405437,2026-03-16 10:00:00-04:00,601.5990744018555,8.137821586886735,604.5851863852164,595.6268504351339,244.78529671592497,24477.529671592496,2026-03-16 15:45:00-04:00,600.610152557373,EOD,8.0477,1.0,4.8905,7.0477,0.000288,True,test
143,MSFT,SELL,2026-03-17 09:30:00-04:00,401.5799865722656,RSI overbought=65.9 | BB upper pct_b=1.15,0.556,1.3215186945083919,2026-03-17 09:45:00-04:00,401.32923377990727,12.188711683033413,403.31151182166985,397.3646776963821,244.58431602580018,24457.431602580018,2026-03-17 09:45:00-04:00,403.51316757758065,SL,-26.6193,1.0,4.9038,-27.6193,-0.001129,False,test
146,GOOGL,SELL,2026-03-17 10:15:00-04:00,307.1449890136719,RSI overbought=66.9 | BB upper pct_b=1.00,0.556,0.9933597773190879,2026-03-17 10:30:00-04:00,306.99641889953614,15.914069845341936,308.4864585655148,304.0163395675789,244.27812263185345,24426.812263185344,2026-03-17 12:00:00-04:00,308.6407017947975,SL,-26.1672,1.0,4.8974,-27.1672,-0.001112,False,test
148,GOOGL,SELL,2026-03-17 12:15:00-04:00,308.25,RSI overbought=67.8 | BB upper pct_b=0.95,0.556,0.9193286561165939,2026-03-17 12:30:00-04:00,308.1058797607422,15.837831494349462,309.4848727449171,305.3478937923924,243.98645030344656,24397.645030344655,2026-03-17 14:15:00-04:00,309.6396151812895,SL,-24.291,1.0,4.8906,-25.291,-0.001037,False,test
150,GOOGL,SELL,2026-03-17 14:30:00-04:00,309.3599853515625,RSI overbought=71.0 | BB upper pct_b=0.92,0.556,0.8772036290485038,2026-03-17 14:45:00-04:00,309.2153101196289,15.763355299430904,310.53111556320164,306.5836992324834,243.7135398719711,24370.35398719711,2026-03-17 15:15:00-04:00,310.68638112098324,SL,-23.189,1.0,4.8846,-24.189,-0.000993,False,test
149,NVDA,BUY,2026-03-17 13:30:00-04:00,182.83999633789062,MACD✗↑ hist=+0.0037,0.444,0.9351777569960437,2026-03-17 13:45:00-04:00,182.93741603851316,26.6732148717005,181.5346494030191,185.74294930950128,243.97645030344654,24396.645030344655,2026-03-17 15:45:00-04:00,181.86902671051027,EOD,-28.4974,1.0,4.8665,-29.4974,-0.001209,False,test
145,AAPL,SELL,2026-03-17 09:45:00-04:00,254.6999969482422,RSI overbought=65.7 | BB upper pct_b=1.23,0.556,0.82850185645497,2026-03-17 10:00:00-04:00,254.56265744018557,19.19276967708853,255.80541022486804,252.07715187082067,244.28812263185344,24427.812263185344,2026-03-17 15:45:00-04:00,254.3571107254028,EOD,3.945,1.0,4.8826,2.945,0.000121,True,test
147,MSFT,SELL,2026-03-17 10:30:00-04:00,399.625,MACD✗↓ hist=-0.0044,0.444,1.5283383942417252,2026-03-17 10:45:00-04:00,399.37022232055665,12.2326657812655,401.66272991191926,394.7852071378315,244.26812263185343,24425.812263185344,2026-03-17 15:45:00-04:00,399.69975,EOD,-4.031,1.0,4.8862,-5.031,-0.000206,False,test
151,GOOGL,SELL,2026-03-17 15:30:00-04:00,310.5,RSI overbought=76.3 | BB upper pct_b=0.91,0.556,0.7922113017760752,2026-03-17 15:45:00-04:00,310.34475000000003,15.669400950398561,311.53306695266417,307.9681160946718,243.14581603006025,24313.581603006023,2026-03-17 15:45:00-04:00,311.00543110656736,EOD,-10.3525,1.0,4.8669,-11.3525,-0.000467,False,test
144,QQQ,SELL,2026-03-17 09:30:00-04:00,604.6649780273438,RSI overbought=68.3 | BB upper pct_b=1.38,0.556,1.6144284350243179,2026-03-17 09:45:00-04:00,604.3476994018555,8.08468776744394,606.7693420543919,599.5044140967825,244.29812263185343,24428.812263185344,2026-03-17 15:45:00-04:00,603.6816948852538,EOD,5.3844,1.0,4.8821,4.3844,0.000179,True,test
154,AAPL,BUY,2026-03-18 10:15:00-04:00,252.35499572753906,RSI oversold=32.4 | BB lower pct_b=-0.23,0.556,0.8651792729472331,2026-03-18 10:30:00-04:00,252.46616633605956,19.253758962746122,251.1683974266387,255.06170415490126,243.046135644153,24303.6135644153,2026-03-18 12:30:00-04:00,251.0428132279254,SL,-27.4049,1.0,4.8484,-28.4049,-0.001169,False,test
155,MSFT,BUY,2026-03-18 10:15:00-04:00,394.614990234375,RSI oversold=29.6 | BB lower pct_b=-0.27,0.556,1.2818037461443852,2026-03-18 10:30:00-04:00,394.79400856018066,12.312047821116092,392.8713029409641,398.6394197986138,243.036135644153,24302.6135644153,2026-03-18 13:00:00-04:00,392.67486728949365,SL,-26.091,1.0,4.8489,-27.091,-0.001115,False,test
157,AAPL,BUY,2026-03-18 12:45:00-04:00,250.97000122070312,RSI oversold=25.6 | BB lower pct_b=0.09,0.556,0.7317503481280279,2026-03-18 13:00:00-04:00,251.0754719467163,19.33538826277998,249.97784642452427,253.2707229911004,242.7320866675241,24272.20866675241,2026-03-18 14:30:00-04:00,249.85285750131203,SL,-23.6397,1.0,4.844,-24.6397,-0.001015,False,test
152,GOOGL,SELL,2026-03-18 09:30:00-04:00,311.0400085449219,RSI overbought=78.9 | BB upper pct_b=0.91,0.556,0.9837440038074002,2026-03-18 09:45:00-04:00,310.9244465789795,15.63506107792721,312.4000625846906,307.9732145675573,243.066135644153,24305.6135644153,2026-03-18 14:30:00-04:00,308.12720117484105,TP,43.7351,1.0,4.8383,42.7351,0.001758,True,test
156,QQQ,BUY,2026-03-18 10:15:00-04:00,598.969970703125,RSI oversold=29.6 | BB lower pct_b=-0.33,0.556,1.3130367782811507,2026-03-18 10:30:00-04:00,599.2494872131348,8.111016891290756,597.279932045713,603.1885975479782,243.02613564415302,24301.6135644153,2026-03-18 14:45:00-04:00,596.9812920796902,SL,-18.3974,1.0,4.8525,-19.3974,-0.000798,False,test
153,NVDA,BUY,2026-03-18 10:15:00-04:00,182.2794952392578,MACD✗↑ hist=+0.0055,0.444,0.8633692639573478,2026-03-18 10:30:00-04:00,182.37173416900634,26.655022693254605,181.07668027307034,184.9618419608784,243.05613564415302,24304.6135644153,2026-03-18 15:00:00-04:00,180.9861419329338,SL,-36.933,1.0,4.8439,-37.933,-0.001561,False,test
158,MSFT,BUY,2026-03-18 13:15:00-04:00,392.739990234375,RSI oversold=27.3 | BB lower pct_b=0.15,0.556,1.045321756039577,2026-03-18 13:30:00-04:00,392.95638977050777,12.339851611649584,391.3884071364484,396.0923550386265,242.4511769808801,24244.11769808801,2026-03-18 15:30:00-04:00,391.19271293288017,SL,-21.7635,1.0,4.8393,-22.7635,-0.000939,False,test
161,QQQ,BUY,2026-03-18 15:00:00-04:00,597.5598754882812,RSI oversold=34.0 | BB lower pct_b=0.02,0.556,1.3053927734164341,2026-03-18 15:15:00-04:00,597.8387480163574,8.09679292103551,595.8806588562327,601.7549263366067,242.0288271429787,24201.88271429787,2026-03-18 15:30:00-04:00,595.5827185268046,SL,-18.2666,1.0,4.8326,-19.2666,-0.000796,False,test
162,NVDA,BUY,2026-03-18 15:30:00-04:00,180.8000030517578,RSI oversold=32.5 | BB lower pct_b=-0.07,0.556,0.6519930178392627,2026-03-18 15:45:00-04:00,180.89040305328368,26.71214414079599,179.91241352652477,182.84638210680146,241.59852600229985,24158.852600229984,2026-03-18 15:45:00-04:00,180.25983110046388,EOD,-16.8439,1.0,4.8248,-17.8439,-0.000739,False,test
159,AAPL,BUY,2026-03-18 14:45:00-04:00,249.8800048828125,RSI oversold=26.1 | BB lower pct_b=0.02,0.556,0.681907999725403,2026-03-18 15:00:00-04:00,250.0049448852539,19.36352316983755,248.9820828856658,252.0506688844301,242.0488271429787,24203.88271429787,2026-03-18 15:45:00-04:00,249.78504866027833,EOD,-4.258,1.0,4.8401,-5.258,-0.000217,False,test
160,GOOGL,BUY,2026-03-18 14:45:00-04:00,307.7550048828125,RSI oversold=34.1 | BB lower pct_b=-0.04,0.556,0.8562521721725449,2026-03-18 15:00:00-04:00,307.8838759918213,15.72273483717012,306.5994977335625,310.4526325083389,242.0388271429787,24202.88271429787,2026-03-18 15:45:00-04:00,307.57614598083495,EOD,-4.8384,1.0,4.8396,-5.8384,-0.000241,False,test
